:020000040800F2
:100000009845002081020008DD910008A103000846
:10001000D99100083D1E000815B20008000000003C
:100020000000000000000000000000009302000833
:100030000D26000800000000EF02000871A1000872
:100040009B0200089B0200089B0200089B0200081C
:100050009B0200089B0200089B0200089B0200080C
:100060009B0200089B0200089B0200089B020008FC
:10007000712500087D2500088925000895250008C0
:10008000A1250008AD2500089B0200089B0200087E
:10009000411E00089B0200089B0200089B0200080A
:1000A0009B0200089B0200089B0200089B020008BC
:1000B000E9A200089B020008F5A200089B020008C4
:1000C0009B0200089B0200089B0200089B0200089C
:1000D0009B02000815B1000855B1000895B1000851
:1000E000513300089B0200089B0200089B02000895
:1000F0009B0200089B0200089B020008B92500082B
:100100009B0200089B02000801A300089B02000854
:1001100029AB000869AB00089B0200089B0200089D
:10012000C5250008D1250008DD2500089B02000830
:100130009B0200089B0200089B0200089B0200082B
:100140004D1E00089B0200089B0200089B0200084D
:10015000E9250008F525000801260008D5B10008AA
:100160009B0200089B0200089B0200089B020008FB
:100170009B0200089B0200089B0200080000000090
:100180009B0200089B02000800F002F800F069F8EA
:1001900014A696E8000CB244B344DA4501D100F04D
:1001A00060F8BAE80F000FA696E83000A5EB04054A
:1001B00004EB0607AAEB0704A7F101074FEA1515A0
:1001C0004FEA3414A4F10104AC4201D300F049F821
:1001D00013F0010F18BFFB1A43F0010300F001F800
:1001E000DBE718478C6F0100AC6F0100103A24BFA9
:1001F00078C878C1FAD8520724BF30C830C144BF8C
:1002000004680C6070470000704700000023002461
:1002100000250026103A28BF78C1FBD8520728BF16
:1002200030C148BF0B607047642900F00582002090
:1002300070471FB510F024FF9DE8030000F094FB09
:1002400001F04EF804000020002110F011FD401CC8
:1002500060600020002110F0F5FCE0601FBD10B5CB
:1002600010BD00F018FD1146FFF7E3FF01F01AFB87
:1002700000F0BAFF03B4FFF7F2FF03BC01F02AF865
:100280000948804709480047FEE7FEE7FEE7FEE72A
:10029000FEE7FEE7FEE7FEE7FEE7FEE70448054966
:1002A000054A064B70470000D5A2000889010008E6
:1002B000983F002098450020984100209841002058
:1002C000EFF3108072B6704780F310887047424A8F
:1002D0001368012B04D04FF0010313603F4A1060F4
:1002E0003F4A11603F484FF0805101607047EFF383
:1002F000108272B63848016851B34FF000010160B6
:100300003648016891B1EFF309811EF0100F08BF64
:1003100021ED108B21E9F00F4FF000041EF0100FBB
:1003200008BF012441F8044D006801602C490968A8
:10033000096808C9B1E8F00F002B18BFB1EC108BA9
:1003400081F309884EF0100E002B18BF2EF0100E0E
:1003500082F310884EF0040E704721490860EFF3D5
:10036000148222F0040282F314881C494FF000002A
:10037000086019494FF0010008601B481B49D0F87C
:10038000002041EA0201016016484FF080510160EF
:1003900017480068006880F3088861B662B6704745
:1003A0001EF0040F0CBFEFF30880EFF3098020E983
:1003B000F00F40F804ED40F804ED1EF0040F0CBF00
:1003C00080F3088880F3098800B50EF003F95DF822
:1003D00004EB4EF0040E7047443D0020A83A002084
:1003E000B03A002004ED00E020ED00E00000FFFF47
:1003F00008ED00E070B5064600F09AFA056806F1CF
:100400000B0020F00704B4429CBF002070BD2B46B7
:100410006A68BAB11068A04210D304F1080188429A
:100420003CBF5068586007D351681019416011688B
:10043000091B016058601460101D70BD134652689E
:10044000002AE7D12146284600F07AFA0028DED1BA
:1004500070BD70B50446051F00F06AFA0068002CF4
:1004600014BF446870BD002C18BFAC423CBF20468E
:100470006468F8D301680A18AA4218BF456003D11E
:100480002A6805461144016028684119A1421CBF31
:100490006C6070BD6168696021680844286070BD47
:1004A00053EA020C00F069802DE9F04B4FF0000692
:1004B000002B1FBFB3FA83F503FA05F424FA05F6FF
:1004C0005E4012BF1643B2FA82F502FA05F4C5F196
:1004D00020051EBF22FA05FC44EA0C04203556EA2A
:1004E000044C4FEA144418BF641C4FF000084FF04E
:1004F0000009904271EB030C39D3002919BFB1FAFE
:1005000081F701FA07F6B0FA80F700FA07F6C7F1AB
:1005100020071EBF20FA07FC46EA0C062037B6FB70
:10052000F4FCA7EB0507103F07F01F0BCBF12006EB
:100530002CFA06F60CFA0BFB44BFB3460026202F1C
:10054000A4BF5E464FF0000B5BEA060C08BF4FF0FD
:10055000010B19EB0B0948EB0608ABFB027C06FB11
:1005600002CC0BFB03CCC01B71EB0C01C1E70B46AB
:10057000024641464846BDE8F08B13B5084318BF14
:100580004FF0FF300146AFF30080BDE81C407047DC
:100590000FB41CB50C0007AA009007D04142A1423D
:1005A00002D32044401E01E04FF0FF30074B7B4454
:1005B00069460190069800F076FA0021002C01D0DF
:1005C000009A11701CBC5DF814FB00001B050000B4
:1005D0002DE9F0410E460446002020622046E168E5
:1005E000884730B3252805D0D4E901219047206AF7
:1005F000401CF2E7E168204600278847050018D034
:10060000A5F14100192802D820354FF40067324681
:10061000294620462760FFF707FE40B1012804D095
:10062000F61D26F007060836D8E7361DD6E7284619
:10063000DAE7206ABDE8F0812DE9F04106460024A2
:1006400010687529314616A510D0AFF30080002838
:1006500002DA404213A507E031688A0701D512A5E6
:1006600002E0490704D511A5012401E0AFF30080A1
:1006700000210A2206F1240709E0B0FBF2FCB0FBDE
:10068000F2F302FB1C00303078541846491C002855
:10069000F3D123462A463046BDE8F04100F0A4B924
:1006A000000000002D0000002B00000020000000D2
:1006B00030B505460B462A4613F8014B12F8010BDC
:1006C00008B1A042F8D01CB1002802D06D1CF1E79F
:1006D000284630BD10B5431C02E010F8011B71B173
:1006E0008107FAD14FF0013202C88C1A8C4314EA08
:1006F000C211F9D0C01A0A0603D0C01E10BDC01A1C
:1007000010BD0A0401D0801E10BD0902FCD0401E9D
:1007100010BD40EA010370B59B072ED14FF00136A2
:10072000042A2AD308C810C99D1B9D43121F15EA2D
:10073000C61517D0D8B2E1B2401A50EA056110D1FF
:1007400098B2A1B2401A50EA05410AD123F07F4085
:1007500024F07F41401A50EA052102D1180EA0EB87
:10076000146070BDA342DBD018BA21BA884201D907
:10077000012070BD4FF0FF3070BD0AB9002070BD80
:1007800010F8013B11F8014B63B1A3420AD1521E8C
:1007900008D010F8013B11F8014B1BB1A34201D165
:1007A000521EEDD1181B70BD032A40F2308010F0AC
:1007B000030C00F0158011F8013BBCF1020F6244FC
:1007C00098BF11F801CB00F8013B38BF11F8013B8D
:1007D000A2F1040298BF00F801CB38BF00F8013B3A
:1007E00011F0030300F0D281083AC0F0088051F8FC
:1007F000043B083A51F804CBA0E80810F5E7121DB5
:100800005CBF51F8043B40F8043BAFF30080D207D3
:1008100024BF11F8013B11F801CB48BF11F8012B9F
:1008200024BF00F8013B00F801CB48BF00F8012BC2
:10083000704702F0FF0343EA032242EA024200F05B
:1008400002B84FF000020429C0F0128010F0030C2F
:1008500000F01B80CCF1040CBCF1020F18BF00F8B3
:10086000012BA8BF20F8022BA1EB0C0100F00DB862
:100870005FEAC17C24BF00F8012B00F8012B48BFC0
:1008800000F8012B70474FF0000200B51346944664
:100890009646203922BFA0E80C50A0E80C50B1F1D8
:1008A0002001BFF4F7AF090728BFA0E80C5048BFEC
:1008B0000CC05DF804EB890028BF40F8042B08BF8A
:1008C000704748BF20F8022B11F0804F18BF00F886
:1008D000012B704710B5044610F0030F08BF11F04C
:1008E000030F40F015804FF0013E121FC0F20E8042
:1008F00051F8043BA3EB0E0C2CEA030C1CEACE1CB3
:1009000008BF40F8043BF0D0A1F1040102F1040259
:10091000521E08DB11F8013B00F8013B002BF7D118
:100920001146FFF78EFF204610BD70477047704795
:1009300000487047B8000020704770477047704704
:1009400038B504460A4600206946AFF30080002807
:1009500008BF38BD02460099204600F051F9012039
:1009600038BD012000F08FB9F8B5AFF3008005461F
:1009700000200C460C2000BF0646A819A0420DD945
:10098000324669460020AFF30080070008BF00F040
:100990007AF90098A04218BF0546C419FFF7C8FFAE
:1009A00005600746F01D20F007004619284600F0B4
:1009B0000AF8B44208BFF8BDA21B31463868BDE84A
:1009C000F84000F01DB900210160416070470C2023
:1009D000704710B500F010F9006810BD10B504465E
:1009E00000F00AF9046010BD2DE9F0470D46994664
:1009F0009246044600F124080168880604D5E0699F
:100A000021F01001216000E00120A84201DD471B18
:100A100000E00027A1697A1902EB0900081AA06119
:100A20002078C00602D42046AFF30080002608E0FC
:100A3000D4E901211AF806009047206A401C761C70
:100A400020624E45F4DB2078C0060AD52046AFF37D
:100A5000008006E0D4E9012130209047206A401C44
:100A60002062381EA7F10107F4DC07E0D4E9012178
:100A700018F805009047206A401C2062281EA5F146
:100A80000105F3DC2046AFF300802078000602D594
:100A90000220BDE8F0870120FBE7000001694A1C45
:100AA00002610878704700B58FB0CDE901310021AF
:100AB000059105497944CDE9031011466846FFF7D1
:100AC00087FD0FB000BD0000E5FFFFFFD1E9002367
:100AD0009A4202D2531C0B60107070470FB40B0087
:100AE00010B54FF000048AB00FA900910E99CC60A8
:100AF000234C7C44234A7A44CDE9064200D00423A7
:100B00006FF00042CDE901321F4A7A446B460892E9
:100B10000246002010F029FB0AB010BC5DF814FB5F
:100B2000F0B507464FF0FF301E4615460C463B46D3
:100B300085B06A460091CDE901013146002004905C
:100B400004A8FFF7CBFF04990346601825B109B14B
:100B5000024600E022462A6000290ED0002B02DD6A
:100B60000099814209D03B466A463146001B0094F9
:100B7000CDE9010404A8FFF7B1FF05B0F0BD000006
:100B8000510100006B0100002701000010B5203A60
:100B9000C0F00B80B1E81850A0E81850B1E8185028
:100BA000A0E81850203ABFF4F5AF5FEA027C24BFFA
:100BB000B1E81850A0E8185044BF18C918C0BDE8E3
:100BC00010405FEA827C24BF51F8043B40F8043BAC
:100BD00008BF7047D20728BF31F8023B48BF11F861
:100BE000012B28BF20F8023B48BF00F8012B7047BB
:100BF00000487047B000002000487047B000002057
:100C0000034640688C46002818BF88423CBF034614
:100C10004068F8D318681844884207D00CF10300E4
:100C200020F00700001D411A521A0146081D0A60F3
:100C3000FFF70FBC10B5044600F052F80068005DE5
:100C400000F0010010BD426842B1016811F8013B9B
:100C500023B1521EC0E90012184670470121C1603D
:100C6000881E704742685AB1C368016843B98368F7
:100C70008B4205D0491E521CC0E90012002070476B
:100C80004FF0FF30704710B500F0BCFABDE81040DF
:100C900000F0B3BA70477546FFF7AAFFAE460500ED
:100CA0006946534620F00700854618B020B5FFF787
:100CB000F5FABDE820404FF000064FF000074FF076
:100CC00000084FF0000BAC46ACE8C009ACE8C00926
:100CD000ACE8C009ACE8C00921F007018D467047B7
:100CE00010B500F0FDFA001D10BD00BF85FF00002B
:100CF0002DE9FF4F06468BB00878FF2806D0491C27
:100D00002D2805D000244FF0000908E000200CE059
:100D10000124F8E709EB8903491C00EB4309087833
:100D2000FF28F7D114B1C9F10000814610780025E1
:100D30002C46AA4629462D2801D02B2804D1521C26
:100D40002D2813D0002082468B461078FF280FD024
:100D50004FF0000C0A21521CA5FB017804FB018115
:100D600005FB0C11C5194BEB0104EEE70120EAE786
:100D7000002108464FF00000BAF1000F02D000EB4E
:100D800080004008C0F38157012F01DD4FF0FF378D
:100D90000E9955EA040009EB01080BD04FF0020947
:100DA00018F5FA7F16DA4FEACA70002F706008DD76
:100DB000012007E04FEACA70C6E900B00FB0BDE8F5
:100DC000F08F00203060FFF717FFC0F80090182167
:100DD000084616E0B8F5FA7F18DD002F02DAF7486A
:100DE000784401E0F6487844D0E90010C6E90010E4
:100DF00040EACA707060FFF7FFFEC0F8009014214F
:100E000008460FB0BDE8F04F10F04CB9002108467D
:100E10004FF00000B8F10001099002DAC7F10002BA
:100E200000E03A4601DAC8F1000106A800F070FAC5
:100E300006AB93E8070003AB83E8070044F23E00EB
:100E40005BEA04010090584604D144F21E012C468E
:100E50005D460091210C0904014306D10099240448
:100E600044EA15442D041039009104F07F410143F8
:100E700006D10099240244EA15642D020839009134
:100E800004F07041014306D10099240144EA15742D
:100E90002D01091F009104F04041014306D1009942
:100EA000A40044EA9574AD00891E009104F000414D
:100EB000084304D100986D196441401E00904FF022
:100EC00001033A466846B8F1000FCDE9014503A990
:100ED00002DD0FF0FEFB01E00FF0D1FBBAF1000FD5
:100EE00004460D4601D084F00044002108464FF02E
:100EF0000000099940F2FF77484010F00C0F07D12D
:100F000024F00040284303D0C4F30A50B84212D161
:100F1000FFF772FEC0F80090C4F30A50B8420AD13D
:100F2000A8487844D0E90010C6E9001004F0004158
:100F30000843706042E7C6E900543FE72DE9FF4FE0
:100F40001F464FF0000A4FF0FF38454691B0D7E9F1
:100F50000146CDF83CA000F0C3F9C0680168405CD0
:100F60001090B96912986D1C8847396A8146884784
:100F70000028F6D1B9F1FF3F0AD0002E24F4D06446
:100F800011DDB9F12B0F08D0B9F12D0F0BD102E013
:100F9000404615B013E744F48064B96912986D1C9B
:100FA0008847761E8146600504A901D52D2000E002
:100FB0002B20002E01F1010B0DF130088DF81000EF
:100FC0003FDDB9F1690F08D0B9F1490F05D0B9F18A
:100FD0006E0F02D0B9F14E0F1CD13B4601A800950F
:100FE00080E85002DDE912126FF0020010F0C1F843
:100FF000C11CCED10EE0B96912986D1C884781469C
:101000001398761E44F4007405600F98401C002E5F
:101010000F9016DDB9F1300FEDD0B9F1780F02D095
:10102000B9F1580F0DD10F9801280AD13B46CDE9EF
:101030000054DDE91212001F029610F098F8C11C4E
:10104000A7D1109989453ED144F0800406E0139958
:10105000681CAAF1010A44F400740860B9696D1CA7
:101060001298761E884730288146F0D02BE01099E0
:10107000894505D1200603D4761E44F0800418E08B
:1010800048460FF090FD08B3761E0DF123029345FC
:10109000A9F1300044F4007406D20BF8010B2006CD
:1010A00007D5AAF1010003E0200602D40AF10100ED
:1010B0008246A00502D51399681C0860B969129888
:1010C0006D1C88478146002ED1DC53E0002E51DD97
:1010D000B9F1650F02D0B9F1450F4BD1A00549D543
:1010E000B9696D1C1298761E24F440748847002E4E
:1010F00081460CDD2B2804D0B9F12D0F07D144F423
:101100008074B96912986D1C8847761E8146E00587
:1011100001D52D2100E02B2108F8011BCDF800801E
:1011200021E0761E0DF13901884544F400740CD29B
:10113000A9F1300010F0FF0088F8000002D10099FA
:10114000884509D908F1010806E0E00501D51E48E7
:1011500001E042F20F708246B96912986D1C88470F
:10116000814613980560002E04DD48460FF01BFDF4
:101170000028D6D1F96912988847FF2053468BF88A
:10118000000088F8000000200A900B9004AA0CA927
:101190000AA8FFF7ADFDA00502D46FF00100F8E644
:1011A00014F0240F12D0E0071CD13868DDE90A12D0
:1011B000031D3B600068C0E9001213E0B463010046
:1011C000A66301006A620100F1D8FFFF0AA9684620
:1011D0000FF0D6FCE00705D13868009A011D396090
:1011E000006802602846D4E610B50446AFF30080DC
:1011F0002046BDE81040FFF73DB8002801D000F0C0
:1012000069B8704710B5012805D0002103A000F08F
:10121000F1F8012010BD09A1F8E700005349475239
:10122000544D454D3A204F7574206F6620686561B6
:1012300070206D656D6F7279000000003A2048657E
:101240006170206D656D6F727920636F7272757059
:10125000746564000000000030B44FF0013C50F8A9
:10126000042B51F8043BCCFA52F4D51A20D1FCB926
:1012700050F8042B51F8043BCCFA52F4D51A17D18C
:10128000B4B950F8042B51F8043BCCFA52F4D51AF7
:101290000ED16CB950F8042B51F8043BCCFA52F43F
:1012A000D51A05D1002CDAD030BC4FF000007047C1
:1012B00029BAB1FA81F111F01801D1F1200084406E
:1012C000F2D1CA40CB4012F0FF0213F0FF0330BC52
:1012D000D01A704701491820ABBEFEE72600020075
:1012E00000487047D0000020B2F120030AD5C2F1B7
:1012F000200301FA02F120FA03F341EA030100FAA4
:1013000002F0704700FA03F14FF000007047000050
:101310002DE9F047814616468AB0354878440DC815
:101320008DE80D0032487844801C03AC0DC884E879
:101330000D0041F69B300844372190FBF1F290FB01
:10134000F1F5A5F1800501FB12041B3C02D56442B6
:10135000012000E00020DFF898A080460027FA4432
:10136000AAF1BE0A0EE0E0070AD03246684607EB53
:10137000470101230AEB81010FF096F98DE8070080
:1013800064107F1C002CEED1194F7F44AE3F19E052
:10139000E80715D007EB04100DF1180A90E80E00CD
:1013A0008AE80E00C068F04201D1981908903246D0
:1013B000012306A903A80FF077F903AB83E8070020
:1013C0006D10641C002DE3D14FF0010332466946D5
:1013D000B8F1000F03A802D00FF03CF901E00FF0C4
:1013E00063F9C9E90001C9F808200AB0BDE8F0872F
:1013F00004FF000070B505460C460A2000E06D1C95
:1014000000F011F835B128780028F8D102E0641C0A
:1014100000F009F814B120780028F8D1BDE8704038
:101420000A20AFF3008008B569468DF8000003205C
:10143000ABBE08BD2DE9FF4F1F464FF03C0987B0FA
:101440004FF00042DDE9141001F10108DDF858A069
:1014500002EA40500390002005908346054604466A
:101460000490B969461E08988847AAF1010A0290BB
:10147000BAF1000F3BDD02982E2815D0102100F0A4
:1014800003FA00282EDB4FF0010B0599014317D01A
:10149000B9F1000F0BDB4A46C117FFF725FF0543E3
:1014A0000C43A9F1040905E0012004900BE008B108
:1014B00045F0010501200590049820B9361D02E091
:1014C000049800B1361FB969089808F101088847E7
:1014D000BBF1000FAAF1010A0290C9D00999C1F825
:1014E0000080C5E70298702808D0502806D0F96916
:1014F00008988847BBF1000F14D04FE000200290FD
:101500000120BBF1000F049009D0B969089808F1D7
:1015100001088847AAF10109B9F1000F07DCF96950
:10152000089888476FF001000BB0BDE8F08F2B28BA
:1015300004D02D280CD14FF0FF300490B9690898E1
:1015400008F101088847A9F10109B9F1000FE6DDAA
:10155000411CE4D00A2100F097F90028DFDB029952
:1015600008F1010801EB810100EB41000290B9692B
:10157000089888470A2100F087F9099AA9F101091A
:10158000B9F1000FC2F8008001DD0028E7DAF9693F
:10159000089888470499029800FB016655EA040000
:1015A00004D004F04041090002D006E0039898E01E
:1015B000A40044EA9574AD00B61E04F00041080092
:1015C00002D16D196441761E159810F0240F03D0D6
:1015D0004FF00B095C4803E04FF028096FF07D00E5
:1015E0008246564507DAAAEB06018944B9F1410F54
:1015F00001DD4FF0410901200021A9F10102FFF7AF
:1016000073FE024628400B462140084301D00121C9
:1016100000E00021501E029143F1FF31284021409B
:10162000084301D0012000E000200299834651EADE
:101630000B014FD0002108464FF00000039900F441
:10164000400039B100EB80004FF4400100EBD07056
:1016500001EA60008015012802DD4FF0FF3000E054
:1016600013D0401C36D0029860B3BBF1000F0CD1F0
:101670004A4601200021FFF737FE28402140084359
:1016800001D0012000E00020E0B101204A46002105
:10169000FFF72AFE034640190A4661412D1A8C4184
:1016A00011D3B9F1400F09DD159810F0240F02D0C5
:1016B000AAF1340603E0AAF1170600E0761C002523
:1016C0004FF0004406E05B1E42F1FF3220EA0305C2
:1016D00021EA0204CAF10100B04206DA1B4903986C
:1016E00008430190002000900EE0039AC4F3D32138
:1016F000E80A0A43164940EA44500A433146CDE914
:10170000000268460FF045FA159810F0240F0BD030
:101710001598C00715D13868DDE90012031D3B603C
:101720000068C0E900120CE002A869460FF028FA30
:101730001598C00705D13868029A011D3960006804
:1017400002604046F0E6000002FCFFFF0000F07F70
:101750000000F03F2DE9FF4F92461D4685B04FF047
:101760000041DDE9124BDDE914727F1E01EA4B50A6
:10177000414940F0FF4940EA0108002122F02000E1
:101780004928049102D04E2828D04CE03BA00126E5
:1017900007C88DE80700A9690698641C88477F1E62
:1017A000014606D41DF8060018B121F0200181423F
:1017B0000BD0E96906988847032E34D0082E32D022
:1017C0006FF0010009B0BDE8F08F761C032E01D048
:1017D000082EE0D1601CCAF80000DCE7A969069871
:1017E000641C88477F1E2AD420F02000412826D17F
:1017F000A9690698641C88477F1E20D420F0200029
:101800004E281CD1A9690698641C88477F1E48F49D
:10181000002849F48009CAF8004001D4282806D0DD
:10182000E969069888475FEACB7012D022E0A9697F
:101830000698641C88477F1E01D4002803DAE969F2
:1018400006988847BCE72928F1D1641CCAF80040F3
:10185000E9E71BF0240F07D028680499031D2B60CB
:101860000068C0E9001805E02868021D2A600068C9
:10187000C0F800902046A5E70000F07F494E464999
:101880004E495459000000003A2800D2303820F068
:101890002002412A01D3A2F13700884201D34FF040
:1018A000FF30704780B582B0FEF70AFD0CF02CFEC9
:1018B0000DF08AFB0DF0BAFC0DF072FC46F6B63066
:1018C0004DF6C5214FF0140C4FF00A0EC0F6010082
:1018D000C0F6000100224FF40073CDE900EC0DF0DA
:1018E000AFFC0DF05BFE0DF0A9FC0DF05FFD0DF0FF
:1018F00081FC002002B080BD0146806B036C026C4D
:1019000013F0500F08D0D20648BF02F0BFB8806B6A
:10191000C26C0846104700BF42F4007101640168C0
:101920008A6812F0405F01D002F06CB8027E002A93
:10193000FAD1CA6A12F4700F02D08A685205F3D441
:101940004A6822F020024A60016C21F4807101642F
:10195000016CC90448BF02F055B8016C41F00101A7
:10196000016402F04FB80000806B40210164416CBB
:1019700041F00401416402F089B80000806B02F07C
:1019800083B8000070B50024C0F60204206840F25D
:1019900032150130C2F2000520D1606801301DD13E
:1019A000A06801301AD14AF25A50C0F28C502E462B
:1019B00046F8020F0C20C4F20320B06040F2D6605B
:1019C000C0F21450706030460A2100F067FD318982
:1019D00070818A08204631460EF036FA20682E467D
:1019E00046F8020F0420C0F602000068706008206C
:1019F000C0F602000068B060023881B2304600F0E4
:101A00004DFD31785A2907D17178A52904D1718902
:101A1000884201D1002070BD4AF25A50C0F28C5069
:101A200045F8020F0C20C4F20320A86040F2D660F3
:101A3000C0F21450686028460A2100F02FFD298961
:101A400068818A08204629460EF0FEF9002070BD04
:101A5000B0B540F23214C2F20004207801281BD144
:101A6000002004F8020B0C202081FEF729FC2189BC
:101A70000546881E81B2204600F010FD2189608154
:101A800000208A08C0F6020021460EF0DDF9284643
:101A9000FEF71AFC0020B0BD042824BF00202070EF
:101AA0000020B0BD80B506F0FBFE06F073FE07F027
:101AB000D9FA07F0F5FA07F015FB07F051FB06F02D
:101AC00025FE06F045FE06F0E5FF06F0E7FD07F00F
:101AD00051F907F00BFA07F061FB07F023FB06F062
:101AE000FDFF07F0D5F807F00BF900F021F808F03A
:101AF0003DF8002080BD000040F21810C2F2000046
:101B000090ED010AB2EE061AB8EE400A9FED072AE0
:101B100020EE010A80EE020A40F24400C2F2000008
:101B200080ED000A90ED000A704700BF00007A4483
:101B300010B540F20434C2F2000420464FF4A07104
:101B4000FEF7A1FE42F29C30C2F200002146502274
:101B5000BDE8104002F0A4B880B506F0D7FDBDE89E
:101B6000804006F0F5BD000080B58AB00020CDE9C8
:101B70000500CDE90000CDE9020004900E2001210E
:101B8000099042F2E430CDE90711C2F20000694643
:101B900002F0CEF9002818BF01F03AFC42F2E4301E
:101BA000C2F2000002F0AAFD002818BF01F030FCCC
:101BB00042F2E430C2F20000022102F041F90028B2
:101BC00018BF01F025FC0E20059042F20C40C2F235
:101BD0000000694602F0ACF9002818BF01F018FCBB
:101BE00042F20C40C2F2000002F088FD002818BF4B
:101BF00001F00EFC42F20C40C2F20000022102F0A1
:101C00001FF9002818BF01F003FC0AB080BD0000D6
:101C100042F2E43042F20C41C2F20000C2F2000192
:101C2000406A496A0844704770B50446D0F8B80065
:101C300090F83D30202B1CBF022070BD0D46462A77
:101C4000A4F8AA2006D820462946FEF7ADFDD4F810
:101C5000B800254604F080FF43F23436C2F2000695
:101C6000B44208D140F60000C4F202004FF4807183
:101C7000012203F081FAD4F8B800B4F8AA2029466A
:101C800006F014F820B10546B4420BD0284670BDCA
:101C9000B4F8AA00D4F8B0100844C4F8B00000208A
:101CA00070BD00BF40F60000C4F202004FF4807126
:101CB000002203F061FA284670BD0000F0B581B043
:101CC0000E46CC2115460446FEF7DDFD42F638707F
:101CD000C2F2000084424DD043F20400C2F2000080
:101CE000844255D043F2D000C2F2000084425DD05D
:101CF00043F29C10C2F20000844265D043F2682097
:101D0000C2F20000844200F0898043F23437C2F20C
:101D10000007BC426AD142F66040C2F2000042F6BF
:101D2000B40142F6540207F1B803C2F20001C2F254
:101D3000000247C3C7F8C8507EB107F146013222FE
:101D400005F058FD002818BF01F062FBD7F8B80075
:101D50000068C16841F01001C16040F60000C4F2A3
:101D600002004FF48071002201B0BDE8F04003F0A2
:101D700003BA00BF42F60C3142F2746242F21463BD
:101D8000C2F20001C2F20002C2F2000328E000BF6A
:101D900042F6503142F2347242F2D463C2F2000190
:101DA000C2F20002C2F200031AE000BF42F6943110
:101DB00042F2F47242F29473C2F20001C2F20002E3
:101DC000C2F200030CE000BF42F6D83142F2545296
:101DD00042F2F443C2F20001C2F20002C2F2000376
:101DE000C0F8B810C0F8BC20C0F8C030C4E93165F4
:101DF0008EB1D4F8B80004F14601322205F0FAFCA5
:101E0000002818BF01F004FBD4F8B8000068C168CE
:101E100041F01001C16001B0F0BD00BF42F61C41AD
:101E200042F2B452C2F20001C2F20002C0E92E1224
:101E3000002EC4E93165DCD1EDE70000FEE70000CB
:101E400042F2E430C2F2000002F072B942F20C40F9
:101E5000C2F2000002F06CB92DE9F04381B041F606
:101E6000786940F22E1804460025C2F20009C2F239
:101E700000080CE001F0F801B8F80220FB880331FB
:101E80000170D01A388100BF0135242D5ED0C5EB1A
:101E9000C50009EB80073869E1688842F4D139460A
:101EA00051F8183F11F8162C63B3E378B3EB121F07
:101EB000EAD1102A2BD3032022180B68567803444A
:101EC00003F8036CE378861E9E4218D20B6896785E
:101ED000034403F8026CE378461E9E420FD20B685F
:101EE000D678034403F8016CE378984207D212795C
:101EF0000B681A54E278431C04309342DCD3E06848
:101F000005E000BF102ABFD3A1780229BCD101F09F
:101F1000CDFC786910B9B8780007B5D0384610F80C
:101F2000031FC1F34112022AA4D0012A06D0002ABD
:101F3000AAD1B8F80200F988401AA3E701F0060216
:101F4000042A04BF41F0060101709DE701B0BDE81D
:101F5000F083000080B540F22E10C2F200004FF472
:101F6000FA61418006F0A2FABDE88040FFF7FCBDAF
:101F70002DE9F04186B002A800F02CF910B102A8BA
:101F8000FFF76AFF01F090FC40F22E18C2F2000841
:101F9000B8F802004FF6104141F67865CFF6FF71B0
:101FA000C2F200050DE000BFB6F8F43302F0F9020A
:101FB00023F4FE73A6F8F43386F8F3231C3100F003
:101FC000BC806E1896F8F323D307F7D0C2F3C10391
:101FD000012B0BD0002BF1D1C2F34103022B2BD0EC
:101FE000032BE1D0012BE9D164E000BFB6F8F84340
:101FF000B6F8F6331F19BBB2BB4203D0A04203D3DD
:1020000008E000BFA04201D3834203D802F00607D4
:10201000022F4FD0C2F34107032F1FD0022FCDD183
:10202000B6F8F4C3A3422CF4E077A6F8F47327D2F1
:10203000A04227D3C2E700BFB6F8F843B6F8F6735C
:10204000B6F8F4C33B199FB29F422CF4E073A6F894
:10205000F4330FD0A0420FD3B0E700BFB6F8F4338B
:1020600002F0F90223F4FE730232A6F8F433A6F864
:10207000F803A1E7A04208D387429FD805E000BF3C
:10208000A04202D383423FF699AF02F0F9020CF06E
:1020900038030232272B86F8F3233FF68FAF0CF17B
:1020A000040202F03C022CF4FE731A44A6F8F42356
:1020B00084E700BFD6F8043496F8F243B3FA83F00D
:1020C0004009420096F8F10396F8F073411E18BFDC
:1020D0000121D6F8FC03890004F00F04CDE9004784
:1020E00000F052F880B996F8F303C0F3411139B10A
:1020F000022905D0012907D100F0F900043001E0E0
:1021000040F0060086F8F303B6F8F403C0F382113A
:1021100004290ED896F8F31301F00601022908D11C
:1021200000F1400101F4E07120F4E0700844A6F8E9
:10213000F403B8F80200A6F8F8030026042400BF50
:10214000285B00F4E071B1F5807F82BF46F00206A3
:1021500020F4E0702853FFF75BFD002804F11C0415
:1021600018BF46F00406B4F57D7FE9D1300603D0F0
:10217000FFF7F2FCFFF7F8FC98F80000304388F80E
:10218000000006B0BDE8F081B0B588B01D46DDE9BD
:102190000C3C42F20C44082B28BF0823CDE9020076
:1021A00004A80EC042F2E430C2F20000C2F2000401
:1021B000BCF1000F08BF044602A901AB20462A4625
:1021C00001F056FE054610B1204602F0EBF9284614
:1021D00008B0B0BD40F24C41C2F200010A784B7821
:1021E0009A4204BF0020704780B501EB021202F151
:1021F000040E9EE80850126980E80850C260087812
:1022000040F6CD4201304243120C02EB8202A0EBB9
:1022100082000870012080BD41F67861C0EBC000EB
:10222000C2F2000101EB800010F8031F11F0180F3B
:1022300018BF704701F0F9010231017070470000CA
:1022400040F27819C2F2000909F1300443F220414A
:10225000C2F2000120464FF4806248F2050509F001
:102260005DFC43F65857C2F200074FF0FF3AA7F162
:10227000030B07F1140805E0B85A3880022089F8EA
:10228000000000BF204609F0A9FC002800F0DC8017
:10229000204609F025FC99F9002022EAE2714B1C46
:1022A000012A89F800307854ECDB5AFA81F2BB5CE1
:1022B0005A2B08BF4428DFD01629E3D338785A2890
:1022C0004FF0000040F0BD807978442940F0B9809B
:1022D0000022584610F8031F82EA01210AB24B007F
:1022E000002A48BF85EA410319B25A00002948BFB5
:1022F00085EA430211B25300002948BF85EA420330
:1023000019B25A00002948BF85EA430211B25300AE
:10231000002948BF85EA420319B25A00002948BF84
:1023200085EA430211B25300002948BF85EA4203FF
:1023300019B2002941784FEA430248BF85EA4302B7
:1023400082EA01210AB24B00002A48BF85EA410314
:1023500019B25A00002948BF85EA430211B253005E
:10236000002948BF85EA420319B25A00002948BF34
:1023700085EA430211B25300002948BF85EA4203AF
:1023800019B25A00002948BF85EA430211B253002E
:10239000002948BF85EA420319B2002901464FEAE5
:1023A000430211F8026F48BF85EA430282EA06221F
:1023B00013B25600002B48BF85EA420632B27300C2
:1023C000002A48BF85EA46031AB25E00002A48BFC9
:1023D00085EA430632B27300002A48BF85EA460305
:1023E0001AB25E00002A48BF85EA430632B2730083
:1023F000002A48BF85EA46031AB25E00002A48BF99
:1024000085EA430633B27200002B48BF85EA4602D4
:1024100041457FF45FAFB7F8150091B281420FD10B
:1024200097E84F0009F1180C8CE80700B88AC9F842
:102430002430A9F82C00B87DC9F8286089F82E004E
:10244000002089F800001DE7B9F8040003280DD822
:102450000AA151F820100DA252F82000B1F9001085
:1024600007F0ACF8B9F80400013000E00020A9F84A
:1024700004000A200DF024F804E700BF92010020B8
:102480009401002096010020980100209005002072
:10249000C0050020F00500202006002081B1F0B525
:1024A00046F2984346F2985E01F0030C0429C0F608
:1024B0000103C0F6010E0BD2FF21FF2231E000BF65
:1024C000FF22FF21C8B240EA022080B2704700BF5D
:1024D00021F003040025FF21FF2200BF10F8046B48
:1024E000D2B272409E5C10F8037CC9B27140794050
:1024F0001EF802205E5C10F8027C72407A401EF8E2
:1025000001109E5C10F8017C714079401EF8022099
:102510005E5C04351EF80110AFB2A74282EA0602E3
:10252000DCD1BCF1000F1CD00478D2B254401A5D4B
:10253000BCF1010F82EA01021EF8041011D04478A8
:10254000D2B254401A5DBCF1020F82EA01021EF8B9
:10255000041006D08078D2B250401A5C4A401EF86F
:102560000010BDE8F040C8B240EA022080B27047D7
:1025700042F29470C2F2000002F058B942F2F44004
:10258000C2F2000002F052B942F2F470C2F200004E
:1025900002F04CB942F25450C2F2000002F046B9C7
:1025A00042F2D460C2F2000002F040B942F234704C
:1025B000C2F2000002F03AB942F2B450C2F2000096
:1025C00002F034B942F23440C2F2000002F02EB9F7
:1025D00042F29440C2F2000002F028B942F65400E0
:1025E000C2F2000002F022B942F21460C2F200000E
:1025F00002F01CB942F6B400C2F2000002F016B9B3
:1026000042F27460C2F2000002F010B9704700009C
:10261000B0B582B040F24805C2F2000528881F28F4
:1026200008D0B0F5784F07D0B0F5FC6F0DD102237C
:1026300003E000BF032300E0012301240020002168
:102640004022009401940AF06DFC68881F2807D08E
:10265000B0F5784F06D0B0F5FC6F0CD1022302E044
:10266000032300E001230124642000214022009480
:1026700001940AF057FCA8881F2807D0B0F5784FBE
:1026800006D0B0F5FC6F0CD1022302E0032300E07A
:1026900001230124C82000214022009401940AF063
:1026A00041FCE8881F2807D0B0F5784F06D0B0F578
:1026B000FC6F0CD1022302E0032300E0012301247C
:1026C0000020AF214022009401940AF02BFC2889BD
:1026D0001F2807D0B0F5784F06D0B0F5FC6F0CD1AD
:1026E000022302E0032300E0012301246420AF2140
:1026F0004022009401940AF015FC68891F2807D035
:10270000B0F5784F06D0B0F5FC6F0CD1022302E093
:10271000032300E001230125C820AF2140220095BA
:1027200001950AF0FFFB04A364205A21402202B065
:10273000BDE8B0400AF018BD2B00000070B582B0B3
:1027400040F2100440F2E410C2F20004C2F20000B1
:10275000617840780025814218BF6070B4F9283054
:1027600004265C2002210C22CDE900650AF0DAFB88
:10277000B4F92A305C2012210C22CDE900650AF060
:10278000D1FBB4F92C305C2022210C22CDE900656C
:102790000AF0C8FBB4F92E305C2032210C22CDE9BE
:1027A00000650AF0BFFBB4F930305C2042210C22F6
:1027B000CDE900650AF0B6FBB4F932305C20522155
:1027C0000C22CDE900650AF0ADFB02B070BD00003F
:1027D000B0B540F2E414C2F20004A078002818BF9B
:1027E000B0BD1F2009F04EFE00206070207840F23E
:1027F0001005C2F20005FF216970C8B141F26421E1
:10280000C0F6010151F820100238052861610BD88B
:10281000DFE800F004183A40789800BF4FF0FF302E
:10282000C5E90400C5E906000120A070B0BD00BFE5
:102830000120207042F69160C0F600006061012026
:10284000A070B0BD46F68733C0F60103062005210F
:102850000C220AF089FC46F67133C0F6010302200F
:1028600025210C220AF080FC46F67E33C0F60103D7
:10287000022035210C220AF077FC46F65A33C0F6C6
:1028800001031020652152E04FF05A3068600120AA
:10289000A070B0BD46F69C33C0F601031A200A2191
:1028A0000C220AF061FC46F6A733C0F601032A2089
:1028B0001A210C220AF058FC46F66A33C0F60103CE
:1028C000022042210C220AF04FFC5AA3422042214E
:1028D0000C220AF049FC59A302205A210C220AF0CA
:1028E00043FC58A342205A210C220AF03DFCA06967
:1028F0006438E0614FF0FF30C5E908000120A070A6
:10290000B0BD00BF3DA3282005210C220AF02CFCFD
:102910003CA3022015210C220AF026FC3DA3022034
:1029200025210C220AF020FC3EA3022035210C2296
:102930000AF01AFC4FF0FF30A860A8810120A070B7
:10294000B0BD00BF15A3022002210C220AF00CFC2E
:1029500016A3022012210C220AF006FC17A3022063
:1029600022210C220AF000FC18A3022032210C22A2
:102970000AF0FAFB19A3022042210C220AF0F4FB10
:102980001AA3022052210C220AF0EEFB4FF0FF3076
:10299000C5E90A0028630120A070B0BD425553313B
:1029A000506F736974696F6E3A000000425553327C
:1029B000506F736974696F6E3A000000425553336B
:1029C000506F736974696F6E3A000000425553345A
:1029D000506F736974696F6E3A0000004255533549
:1029E000506F736974696F6E3A0000004255533638
:1029F000506F736974696F6E3A0000004D50553620
:102A000030353000526F6C6C203A202020202E2070
:102A10004300000050697463683A202020202E2073
:102A20004300000059617720203A202020202E20EA
:102A30004300000044415441323A000044415441B3
:102A4000333A000044415441343A0000F0B583B0B9
:102A500040F2100540F2E417C2F20005C2F200078E
:102A60006978787881427AD00028687019BF1F2071
:102A70004FF6FF714FF6FF701F2109F047FE46F237
:102A8000A064C0F60104022002210C2223460AF0B1
:102A90006BFB1F204FF6FF7109F038FE04F138037D
:102AA000022052210C220AF05FFB6878012807BF40
:102AB0004FF6FF701F211F204FF6FF7109F026FE11
:102AC00004F10E03022016210C220AF04DFB1F20F8
:102AD0004FF6FF7109F01AFE04F14603422052211D
:102AE0000C220AF041FB6878022807BF4FF6FF70FE
:102AF0001F211F204FF6FF7109F008FE04F11C038F
:102B000002202A210C220AF02FFB1F204FF6FF7112
:102B100009F0FCFD04F15403022066210C220AF0A6
:102B200023FB6878032807BF4FF6FF701F211F2083
:102B30004FF6FF7109F0EAFD04F12A0302203E215D
:102B40000C220AF011FB1F204FF6FF7109F0DEFD89
:102B500004F16203422066210C220AF005FBB7F95A
:102B60002030298A98B2814209D028820024042684
:102B7000562002210C22CDE900640AF0D1FAB7F9FF
:102B80002830298B98B2814209D02883002604245A
:102B9000282052210C22CDE900460AF0C1FAB7F9EB
:102BA0002230698A98B2814209D0688200260424C2
:102BB000562016210C22CDE900460AF0B1FAB7F9E9
:102BC0002A30698B98B2814209D068830026042498
:102BD000682052210C22CDE900460AF0A1FAB7F98B
:102BE0002430A98A98B2814209D0A8820026042400
:102BF00056202A210C22CDE900460AF091FAB7F9B5
:102C00002C30A98B98B2814209D0A88300260424D5
:102C1000282066210C22CDE900460AF081FAB7F996
:102C20002630E98A98B2814209D0E882002604243D
:102C300056203E210C22CDE900460AF071FAB7F980
:102C40002E30E98B98B2814209D0E8830027042610
:102C5000682066210C22CDE900670AF061FA03B012
:102C6000F0BD0000B0B582B040F2100040F2E411B7
:102C7000C2F20000C2F200014278497840F25C14CE
:102C80008A4218BF4170C2F20004236853B1002584
:102C90004FF0040C482025210C22CDE900C50AF094
:102CA00041F9256040F24810C2F20000017819B3E2
:102CB0000021017011A3342035210C220AF054FAAE
:102CC00040F2755008F062FE782001F093FF4FF457
:102CD000C46008F05BFE642001F08CFF4FF4DC6000
:102CE00008F054FE782001F085FF002002B0BDE816
:102CF000B04008F04BBE00BF02B0B0BD446F6E657F
:102D0000210000002DE9F04182B040F2100540F2B0
:102D1000E410C2F20005C2F200006978407840F287
:102D20005866814218BF6870C2F200062989B6F958
:102D30000E0081420CD16989B6F9100081423DD163
:102D4000A989B6F9120081426ED102B0BDE8F081C6
:102D500080B2B4212881484300EE100A9FED4B1A3F
:102D6000B8EEC00A20EE010AB2EE041A20EE010A03
:102D7000BDEEC00A10EE107A4CF6CD407843C40C7C
:102D80004FF000084FF0030C2A2015210C22234697
:102D9000CDE900C80AF0C6F804EB8400A7EB4000B8
:102DA00083B20127412015210C22CDE900780AF0D9
:102DB000B9F86989B6F910008142C1D080B2B42156
:102DC0006881484300EE100A9FED301AB8EEC00A41
:102DD00020EE010AB2EE041A20EE010ABDEEC00A8E
:102DE00010EE107A4CF6CD407843C40C4FF000083A
:102DF0004FF0030C2A2025210C222346CDE900C8E0
:102E00000AF090F804EB8400A7EB400083B201279E
:102E1000412025210C22CDE900780AF083F8A98908
:102E2000B6F91200814290D080B2B421A881484303
:102E300000EE100A9FED151AB8EEC00A20EE010A46
:102E4000B2EE041A20EE010ABDEEC00A10EE105ACE
:102E50004CF6CD406843C40C002603272A203521B8
:102E60000C222346CDE900760AF05CF804EB8400DE
:102E7000A5EB400083B20127412035210C22CDE98A
:102E800000760AF04FF802B0BDE8F081000000388B
:102E90002DE9F04182B040F27910C2F200000178D1
:102EA00040F2E4180129C2F2000837D142F2C821E9
:102EB000C2F200010D780022002D027000F05C804B
:102EC0004FF6000C40F24802481C0024CFF6FF7C6D
:102ED000C2F2000200230026A5F13107032F14D807
:102EE000322D614608BF4FF4FC61332D04EB4405DD
:102EF00008BF1F21DFB202EB4505013325F817108B
:102F0000D9B2022984BF0136002310F8015BC8271B
:102F1000002D32D0F4B2022CDED32EE0B8F80670C9
:102F2000002F2AD140F21005C2F20005697898F806
:102F30000100814230D1B8F80400411C1428A8F8DF
:102F400004103CD8DFE800F02C3B3B3B3B3B0C3B08
:102F50003B3B3B3B3B823B3B3B3B3B3B8E0000BF19
:102F600040F24440C2F20000B0F9023000270526CA
:102F70000A2012211EE000BFC82740F20800C2F25A
:102F800000000088791EA8F8061009F07BFA02B04C
:102F9000BDE8F041FFF73CBB68700120A8F80400D1
:102FA00040F24440C2F20000B0F90030002705268C
:102FB0000A2002210C22CDE900670AF0B1F842F2A2
:102FC0001031C2F20001087840F208060128C2F26E
:102FD00000060AD1308800222A700A7009F052FADD
:102FE000FFF716FB1F20A8F8040040F25814C2F2A5
:102FF0000004206801281CBF02B0BDE8F0814FF436
:10300000DC6008F0C3FC782001F0F4FD4FF4C460EC
:1030100008F0BCFC642001F0EDFD40F2755008F0B2
:10302000B5FC782001F0E6FD002008F0AFFC308808
:103030000221216009F026FA17A30C2078210C2226
:1030400002B0BDE8F0410AF08FB800BF40F2444042
:10305000C2F20000B0F90430002705260A20222120
:10306000A8E700BF06F0C6F80346002405260A209C
:1030700032210C22CDE900640AF052F806F0C6F8BD
:1030800003460A2042210C22CDE900640AF048F8E8
:10309000A8F8044093E700BF436C69636B204B358D
:1030A00020746F2053746172740000002DE9F04F9A
:1030B00081B040F2100940F2E410C2F20009C2F2FD
:1030C000000099F80110407881424FD0002889F81B
:1030D000010019BF1F204FF6FF714FF6FF701F212F
:1030E00009F014FB46F2A064C0F6010404F1700379
:1030F000022002210C220AF037F899F80100012879
:1031000007BF4FF6FF701F211F204FF6FF7109F018
:10311000FDFA04F17E03022020210C220AF024F89B
:1031200099F80100022807BF4FF6FF701F211F20EA
:103130004FF6FF7109F0EAFA04F18C0302203E21F8
:103140000C220AF011F899F80100032807BF4FF686
:10315000FF701F211F204FF6FF7109F0D7FA04F10D
:103160009A0302205C210C2209F0FEFF46F6AE35E0
:1031700046F6B2364FF0000B4FF0100AC0F60105CC
:10318000C0F60106002792E002284FF4FC6004BF5D
:103190004FF60000CFF6FF7081B21F2009F0B6FA9B
:1031A000207CC7EB07110AEB410188F80400C00737
:1031B0008CB232464FF0020021464FF0100308BF98
:1031C0002A46CDF800B005F0B3F998F8040032466D
:1031D00080074FF0120021464FF0100358BF2A46D7
:1031E000CDF800B005F0A4F998F804003246400785
:1031F0004FF0220021464FF0100358BF2A46CDF869
:1032000000B005F095F998F80400324600074FF039
:10321000320021464FF0100358BF2A46CDF800B0C7
:1032200005F086F998F804003246C0064FF04200D7
:1032300021464FF0100358BF2A46CDF800B005F0E4
:1032400077F998F80400324680064FF05200214684
:103250004FF0100358BF2A46CDF800B005F068F9CA
:1032600098F80400324640064FF0620021464FF0C5
:10327000100358BF2A46CDF800B005F059F998F967
:1032800004003246B0F1FF3F4FF0720021464FF08C
:103290001003C8BF2A46CDF800B005F049F91F2039
:1032A0004FF6FF7109F032FA0137042F12D040F2C5
:1032B000E410C2F20000C41909EB0708217C98F859
:1032C0000420207B91427FF45FAF0228ECD14FF4C1
:1032D000784061E701B0BDE8F08F000070B582B0C2
:1032E00040F2100440F2E410C2F20004C2F2000006
:1032F000627841788A4218BF6170D0E90610642272
:1033000007F088FB08B3238C0025042626204221E1
:103310000C22CDE9006509F005FE638C6620422190
:103320000C22CDE9006509F0FDFDA38C26205A2171
:103330000C22CDE9006509F0F5FDE38C66205A21E9
:103340000C22CDE9006509F0EDFD02B070BD000072
:1033500080B54FF4805001F035FE4FF4005001F07D
:1033600031FE4FF4804001F02DFE4FF40040BDE8E7
:10337000804001F027BE0000A0F58051000540EA22
:103380001130072888BF7047C1B28B2222FA01F1A1
:10339000C90701D1704700BF02A151F8200005F014
:1033A00013B800BFD83D0020243E0020D83D0020A7
:1033B000703E0020D83D0020D83D0020D83D0020A0
:1033C000BC3E002040F25461C2F200010860704728
:1033D00040F61040C4F202000068C0F300307047AD
:1033E00040F61040C4F202000068C0F3403070475D
:1033F00040F61040C4F202000068C0F3803070470D
:1034000040F61040C4F202000068C0F3C0307047BC
:10341000EFF3108072B600BFFEE70000F0B581B098
:1034200043F20047044643F60C46C2F20007002070
:10343000C4F20206F86101F0A5FE3168C9031BD48D
:103440003068C0071CBF01203060306810F0F20FF8
:103450002ED03068C00633D43068800639D4306846
:1034600040063FD43068000645D4306880074BD40E
:10347000012001B0F0BD00BFF4B10546601C0DD1C4
:103480003068C003DCD53068C00344BF30685FEAF1
:10349000C030D5D53068C003F2D4D1E701F072FE58
:1034A000401BA04208D83068C003F7D4C8E700BF6B
:1034B000002001B0F0BD00BF032001B0F0BD00BF8F
:1034C000F86940F01000F861102030603068800624
:1034D000C5D5F86940F00800F861202030603068F8
:1034E0004006BFD5F86940F00400F8614020306024
:1034F00030680006B9D5F86940F00200F861802014
:10350000306030688007B3D5F86940F02000F8617A
:1035100002203060012001B0F0BD00002DE9F04F25
:1035200087B0049313780290A12B40F0B98146F63E
:103530004263C0F6010340F2080540F2506642F6CD
:103540002C5ADDF808900C4603F1020CA120C2F2BF
:103550000005C2F20006C2F2000A00270392A12869
:1035600040F0948107EB071003EB4000407851785E
:10357000884240F08B81B5F802B00498B6F800801C
:1035800000284FEA1B2E0597CDF818C000F0B08038
:10359000029A00231CF90370B7F1FF3F0BDC1FFAFE
:1035A00088F00AEB400108F101080AF810E081F800
:1035B00001B0A6F8008009F1010080B2801A10283D
:1035C00000F08E80FDB268060BD51FFA88F00AEB7A
:1035D000400108F101080AF810E081F801B0A6F8EE
:1035E000008009F1020080B2801A102878D0A80665
:1035F0000BD51FFA88F00AEB400108F101080AF820
:1036000010E081F801B0A6F8008009F1030080B253
:10361000801A102864D0E8060BD51FFA88F00AEB50
:10362000400108F101080AF810E081F801B0A6F89D
:10363000008009F1040080B2801A102850D02807B9
:103640000BD51FFA88F00AEB400108F101080AF8CF
:1036500010E081F801B0A6F8008009F1050080B201
:10366000801A10283CD068070BD51FFA88F00AEBA7
:10367000400108F101080AF810E081F801B0A6F84D
:10368000008009F1060080B2801A102828D0A8070F
:103690000BD51FFA88F00AEB400108F101080AF87F
:1036A00010E081F801B0A6F8008009F1070080B2AF
:1036B000801A102814D0E8070BD01FFA88F00AEB04
:1036C000400108F101080AF810E081F801B0A6F8FD
:1036D000008009F108091FFA89F0801A102801D129
:1036E000013491460133202B7FF454AF92E000BFA8
:1036F0002B884FF0FF361D0A019400BF0CEB060724
:1037000097F901701FFA88F40AEB44007246DC4610
:10371000B7F1FF3FC4BF2A469C4680F801C008F1BC
:1037200001000AF8142017F0400280B2744659468E
:10373000DDF818C00AEB400204BF2C4619460AF80F
:10374000104008F10200517017F0200180B272465B
:103750005C460AEB400104BF2A461C460AF81020CA
:1037600008F103004C7017F0100180B272465C46FD
:103770000AEB400104BF2A461C460AF8102008F153
:1037800004004C7017F0080180B272465C460AEBE8
:10379000400104BF2A461C460AF8102008F1050023
:1037A0004C7017F0040180B272465C460AEB40018F
:1037B00004BF2A461C460AF8102008F106004C7087
:1037C00017F0020180B272465C460AEB400104BF6A
:1037D0002A461C460AF8102008F107004C7017F022
:1037E000010180B272465F4606F101060AEB400114
:1037F00004BF2A461F461F2E08F108080AF81020A9
:103800004F707FF47BAF40F25066C2F20006019C1D
:10381000A6F8008009F10F0204F10F031FFA89F0E6
:10382000A1B292B29BB2274608F08CFD34880026E4
:10383000C4F20206304640210122650001F09CFCE2
:1038400030461021002201F097FC42F64C10E300B4
:10385000AAB2C2F20000514602F0DAF8304640F255
:10386000506610210122C2F2000601F085FCDDF84D
:1038700018C03C46039A46F6426340F20805059F8D
:103880000020C0F60103C2F2000530800137102F7E
:1038900006D010780CF1220CA1283FF463AEF5E7B6
:1038A00007B0BDE8F08F000070470000014641F608
:1038B0007860C2F2000005F069BD000070B581B00B
:1038C0000022009290F83C20012A03D102210846F0
:1038D00001B070BD0E6801220A2E80F83C2009D389
:1038E000B2B25200D0F800E012FA86F21E3A0EF19F
:1038F0000C0305E0D0F800E006EB46020EF11003E1
:103900004FF0070C1D680CFA02F4A5431D608D688A
:103910001C6805FA02F222431A60496806290FD88A
:1039200001EB81014A1F71461F2351F8345F934018
:1039300025EA03030B60B3B203FA02F214E000BFFE
:1039400001EB81030C29B2B204D8714651F8304F13
:10395000233B03E0714651F82C4F413B1F259D400E
:1039600024EA05059A400D600B6842F2043CC4F25B
:10397000010C1A43ACF541739E450A603BD1122EEF
:1039800006D1DCF8001041F48001CCF8001032E0E0
:1039900026F0010110292ED1DCF80010102E41F480
:1039A0000001CCF8001026D140F25801C2F200010B
:1039B00009684DF68362C4F21B32A1FB0212910C1E
:1039C00001EB8101490000910099A1B100990139F1
:1039D0000091009979B1009901390091009951B194
:1039E000009901390091009929B10099013900919C
:1039F00000990029EAD1002180F83C10084601B066
:103A000070BD000070B540F20430C2F20000D0E991
:103A100000C2D0E902316244D0E904E41A441144FE
:103A2000D0E90656714421442944D0E908023144C2
:103A300008444CF6CD411044CCF6CC41A0FB01012A
:103A4000C80840F6E441484340F20111C0F21001B9
:103A5000A0FB0112801A02EB500140F21812C2F2D0
:103A60000002D2E900369068C6EB461606EBD1217B
:103A700019444B0901F01F010028C2E9001308BFD7
:103A800070BDBDE8704000477047000070470000FF
:103A9000002804BF0120704710B50446006C0028C0
:103AA0003ED0206CC00645D4206C41F20211884300
:103AB000023042F204312064C4F20101086820F4AB
:103AC000403008600A6894E809101A43D4F810E0FE
:103AD0000A604168012321F4807141604168C0F6A9
:103AE000007341EA0E214160416821F0407141605C
:103AF000416841EA0C014160816821F40061816004
:103B0000E168826811438160A16A8268994222F06B
:103B100070628260826813D122F0405119E000BFC8
:103B2000204600F065F80020606484F83C00206CBA
:103B3000C006B9D50120002184F83C1010BD00BF9B
:103B400011438160816821F040518160E16A82689F
:103B500011438160816821F0020181608168227EC9
:103B600094F8203041EA42018160416883B141F418
:103B70000061416041684EF2000221F46041416001
:103B8000616ACFF6FF72436802EB4131194301E0ED
:103B900021F400614160C16A40F2000C21F470011F
:103BA000C162E2696169CFF6F07CC36A0CEB025234
:103BB0001A43C262826822F40072826094F8302054
:103BC000836843EA42228260826822F480628260D3
:103BD000826842EA8121816000206064216C0122B8
:103BE00062F301012164002184F83C1010BD000043
:103BF00070B586B0044642F200002168C4F20100AC
:103C0000002681420596049602D006B070BD00BF22
:103C100043F630010096C4F202014A6900F568409B
:103C200042F480724A614A6902F480720092009AFA
:103C300000960A6842F004020A60096801F0040173
:103C400000910099202101910321CDE9021601A9DB
:103C500001F0C4F942F2344546F21040C2F20005C8
:103C6000C4F202004FF48061C5E9000605F11000BE
:103C70004FF480524FF480434FF4807C80E80E1064
:103C80002846C5E90266C5E9086600F0AFFE0028CF
:103C900018BFFFF7BDFBA563AC6306B070BD0000A5
:103CA000B0B582B004460020019094F83C00012891
:103CB00002D1022002B0B0BD94460A46012021681C
:103CC00084F83C008868C00729D188684DF6836570
:103CD00040F00100886040F25800C2F20000006825
:103CE000C4F21B35A0FB0505A80C00EB40000190B9
:103CF0000198A0B1019801380190019878B101981C
:103D000001380190019850B1019801380190019853
:103D100028B101980138019001980028EAD18868FB
:103D2000C00503D5886820F4807088608D68206C99
:103D3000ED0709D140F010002064606C40F00100F4
:103D40006064002002B0B0BD40F20175A84300F5E8
:103D5000807020644868400504D5206C012565F317
:103D60000D302064256C0020ED044FF0000544BFA9
:103D7000656C25F00605656484F83C00A06B41F68F
:103D8000F90541F67D13C0F60005C0F60003C0E951
:103D90000F5341F66913C0F60003C3646FF02203AA
:103DA0000B604B6842F2080543F080634B608B6800
:103DB000C4F2010543F480738B604C31634600F01C
:103DC000C7FED5F8FC122068C9060FD0A5F108017E
:103DD0008842B6D1286810F0405FB2D1286840F020
:103DE00080402860002002B0B0BD00BF42F2000158
:103DF000C4F20101884217D042F20021C4F201014D
:103E000088420DD042F20011C4F20101884298D1DB
:103E1000D5F8FC12C90607D005F5FC71884290D18F
:103E2000D5F8FC12C9068CD4816811F0405F7FF48C
:103E300088AF816841F080418160002002B0B0BD50
:103E400090F82020013A012A08D8006800F11402F5
:103E50000020136819431160704700BF00F124026D
:103E600001204FF48021136819431160704700004E
:103E700010B590F820E0D0F800C0AEF1010EBEF110
:103E8000010FDCF808E011D81EF0E05F18D0CEF387
:103E9000016EBEF1030F1DD100F1240101204FF48A
:103EA00000020B681A430A6010BD00BF00F1240134
:103EB00001204FF480220B681A430A6010BD00BF36
:103EC00000F1240101204FF400120B681A430A602C
:103ED00010BD00BF012000FA0EF01860886828B1FC
:103EE0004B68CC6844EAC303034303E00868CB682B
:103EF00043EA40530CEB0E10C0F880310B69C0F858
:103F00008431097D012905D100F5C2710B6843F4A4
:103F100080730B605168C0F88C11126800F5C07195
:103F2000C0F88821002001220B681A430A6010BDE6
:103F300090F82020013A012A30D8B0B546F200604E
:103F4000C4F20000026842F001020260026822F43A
:103F50007C520260D1F814E0CC694A6A0368012CF3
:103F600043EA022202600EF01F024FF0010303FA3F
:103F700002F2C3696FEA020C23EA0203C36113D0A1
:103F80002CBBC36803EA0C03C360CB688C8844EA8B
:103F9000034300EBCE0423640B4611E0416A41F475
:103FA0008021416201207047C3681343C3600B68DE
:103FB0008C8844EA034300EBCE04236401F10C0334
:103FC0008C681B8843EA044300EBCE0463644368B7
:103FD0008D6943EA0204D1F810E0096A002D08BF98
:103FE00003EA0C0444604369BEF1000F43EA020493
:103FF00008BF03EA0C040129446102D1C1691143DD
:10400000C161016821F0010101600020B0BD000024
:104010007047000010B590F82040013C012C73D887
:10402000D0F800C000290CBFDCF80C40DCF81040D0
:10403000A40773D00CEB011CDCF8B0410CF5D87E62
:1040400014F004049460DCF8B04119BFE408546033
:10405000640D1460DEF80040002904F00204D4600E
:10406000DCF8B44104F00F041461DCF8B441C4F38B
:1040700007249461DCF8B4414FEA14445461DCF83D
:10408000B8211A70026802EB0112D2F8B8214FEA87
:1040900012225A70026802EB0112D2F8B8214FEADC
:1040A00012429A70026802EB0112D2F8B8214FEA6C
:1040B0001262DA70026802EB0112D2F8BC211A71A6
:1040C000026802EB0112D2F8BC214FEA12225A71A7
:1040D000026802EB0112D2F8BC214FEA12429A7137
:1040E000026802EB0112D2F8BC214FEA1262DA71C7
:1040F00000680CBF00F10C0100F11001002020222B
:104100000B681A430A6010BD00F1240101204FF42E
:1041100080220B681A430A6010BD00BF00F1240121
:1041200001204FF400120B681A430A6010BD000012
:104130002DE9F04F81B0044600684669D0F804903C
:104140008768D0F80CB0D0F810A0D0F81880F1072C
:1041500004D1002530071DD424E000BFF90710D09A
:104160000121BA07816009D4780700F1AF803807D0
:1041700000F1B680204600F0EFFA02E0204600F0A1
:10418000EDFA0025F80500F18780F80300F1B18011
:10419000300707D51BF0100004D0206845F40075E7
:1041A0001021C160700708D51BF0080005D02068F9
:1041B0000821C160204600F005FAB00706D5206846
:1041C000C068800702D0204600F0FEF9700607D5CF
:1041D0001AF0100004D0206845F4806510210161B8
:1041E000B00608D51AF0080005D020680821016142
:1041F000204600F07DFAF00606D5206800698007A9
:1042000002D0204600F076FAB00308D519F010006D
:1042100005D0206810214160204600F06DFAF003BF
:1042200008D519F0080005D0206808214160204613
:1042300000F09EFA300440F19B805FEA497040F143
:10424000948006F4807008EA102028435FEA8871A1
:10425000014648BF41F00201B20558BF01465FEA7E
:1042600048700D4648BF45F00405700558BF0D461F
:10427000300540F17A8018F0700000F07680103838
:10428000000905286CD8DFE800F003595D61656915
:1042900045F0080564E000BF20684FF48071BA055E
:1042A00081600BD4780515D438051DD4204600F064
:1042B00057FAF8037FF56CAF1BE000BF204600F013
:1042C00051FAF8037FF564AF13E000BF4FF40065C7
:1042D00058E700BF05F50055F8037FF559AF08E032
:1042E0004FF480554EE700BF05F58045F8037FF594
:1042F0004FAF20684FF48031BA0381600AD478034D
:1043000010D4380314D4204600F02EFA30073FF5BD
:1043100041AF47E7204600F029FA30073FF53AAFB2
:1043200040E700BF05F5004530073FF533AF39E7FB
:1043300005F5803530073FF52DAF33E745F0100523
:104340000EE000BF45F020050AE000BF45F0400543
:1043500006E000BF45F0800502E000BF45F480752F
:104360002068816921F07001816120680421416029
:1043700055B1606A40EA05012046616201B0BDE8BE
:10438000F04FFFF745BE00BF01B0BDE8F08F000061
:10439000002804BF01207047B0B5044690F8200003
:1043A00010B9204600F06EF82068016841F0010164
:1043B000016000F0E7FE054620684168C90705D1A5
:1043C00000F0E0FE401B0B28F6D310E0016821F05E
:1043D0000201016000F0D6FE054600BF206841687A
:1043E00089070DD500F0CEFE401B0B28F6D3606A7E
:1043F000052140F400306062012084F82010B0BD37
:10440000217E0268012922F0800208BF803202600A
:10441000617E0268012922F0400208BF403202603A
:10442000A17E0268012922F0200208BF203202602A
:10443000E17E0268012922F0100218BF10320260EA
:10444000217F0268012922F0080208BF08320260B9
:10445000617F0268012922F0040208BF0432026071
:10446000D4E901C2D4E9033561691A432A431143EF
:10447000ACF101021143C16100200121606284F8A6
:104480002010B0BD10B586B0006846F60002C4F238
:10449000000200219042CDE90411CDE90211019101
:1044A00034D046F20041C4F20001884278D140F293
:1044B0009861C2F200010A6843F64000C4F20200AB
:1044C000531C0B6052B900210091016841F000714A
:1044D0000160016801F000710091009900210091D4
:1044E00050F8101C142441F0080140F8101C50F83A
:1044F000100C032100F008000090009840F20040EA
:10450000C4F2020000F5006036E000BF43F6400050
:10451000C4F202000091016841F08061016001680D
:1045200001F080610091009940F29861C2F20001AF
:104530000A68531C0B6052B900210091016841F0D8
:1045400000710160016801F0007100910099002183
:10455000009150F8101C402441F0020140F8101C5A
:1045600050F8100C4FF4405100F0020000900098F9
:1045700040F20040C4F202000191022102910021A8
:104580000391032104910921059101A900F026FD61
:1045900020460021002200F081FE204600F06CFE43
:1045A00006B010BD014690F820000138022803D261
:1045B000002200204A627047486A40F480220120AD
:1045C0004A62704770470000B0B58EB007AC05ABCB
:1045D000002122460546FFF71DFD08B10EB0B0BD13
:1045E000286846F20041C4F20001401A18BF0120B9
:1045F0009DF824208DF80400DDE90A038DF80520DC
:104600008DF80600D9B28DF80730042A08BF0434AB
:10461000D4F800C0CDF810C071B39DF81420012962
:104620008DF808202BD09DF8152002298DF809203F
:1046300028D99DF8162003298DF80A2025D09DF849
:10464000172004298DF80B2022D99DF81820052960
:104650008DF80C201FD09DF8192006298DF80D200B
:104660001CD99DF81A2007298DF80E2014BF9DF83B
:104670001B10002115E000BF00218DF8081000215B
:104680008DF8091000218DF80A1000218DF80B100B
:1046900000218DF80C1000218DF80D1000218DF8EF
:1046A0000E1040F24C42C2F2000255784CF6CD4456
:1046B0006B1CC0F6CC44A3FB0440147800EB8000D4
:1046C000A3EB8003A3428DF80F1005D101A804F0DD
:1046D0008FFD0EB0B0BD00BF01AC13CC02EB0515D1
:1046E00005F1040E8EE8131053700EB0B0BD00003B
:1046F000704700007047000070470000B0B50446E6
:1047000090F8200001281DD1022084F820002068A4
:10471000016821F00101016000F034FD054600BF91
:1047200020684068C00713D000F02CFD401B0B2808
:10473000F6D3606A40F400306062052084F82000FF
:104740000120B0BD606A40F4002060620120B0BD6D
:1047500000206062B0BD000070470000704700009C
:10476000704700007047000070470000704700006D
:104770007047000070B5866D044600F003FD94F8A4
:104780003510022928D105462068216C026822F0E4
:1047900016020260426922F08002426109B9A16CEE
:1047A00019B1016821F008010160016821F00101DF
:1047B000016000BF20680068C00715D000F0E2FC6F
:1047C000401B0628F6D320206065032084F83500BE
:1047D000002184F8341070BD802060650120002124
:1047E00084F8341070BD00BFE06D3F2101FA00F085
:1047F000B060012084F835000020002184F83410D6
:1048000070BD000090F83510022909D1052180F80B
:1048100035100068016821F0010101600020704737
:104820008021416501207047406D7047F0B581B02F
:1048300004460020009040F25800C2F200000268D6
:10484000D4E9166048F2B51337680821C1F64E3333
:1048500081403942A2FB03250CD0226813685B0714
:1048600008D5136823F004031360B160616D41F053
:104870000101616501218140394208D022685269F5
:10488000120604D5B160616D41F002016165042139
:104890008140394208D022681268920704D5B1607D
:1048A000616D41F00401616510218140394217D0EA
:1048B00020680268120713D5B160026801685203CC
:1048C00008D4C90508D4016821F008010160216CF1
:1048D00021B905E008033FD4216C09B1204688477F
:1048E000E16D202000FA01F23A4241D020680368CD
:1048F000DB063DD5B26094F835300268052B1BD13C
:1049000022F016020260426922F080024261226CAB
:104910000AB9A26C1AB1026822F0080202603F20B4
:104920008840B060012084F83500216D0020002906
:1049300084F8340052D157E00168520310D4C905FD
:1049400012D4016821F010010160012084F83500C3
:10495000002084F8340007E0A16C0029BED1BFE735
:10496000080301D4616C00E0E16B09B1204688477F
:10497000606DC8B3606DC0072ED0052084F8350087
:104980002068A90A026822F001020260009A01323E
:104990008A4200921AD80268D20717D0009A0132D0
:1049A0008A42009212D80268D2070FD0009A0132D0
:1049B0008A4200920AD80268D20707D0009A0132D0
:1049C0008A42009202D80268D207DFD1012084F81F
:1049D0003500002084F83400E16C29B1204601B094
:1049E000BDE8F040084700BF01B0F0BD2DE9F0413F
:1049F000044600F0C7FBECB10546022084F8350000
:104A00000020216884F83400086820F00100086064
:104A100021680868C00711D000F0B4FB401B0528CE
:104A2000F6D9032520230320636584F83550BDE8BB
:104A3000F08100BF0120BDE8F08100BF086848F2A6
:104A40003F02CFF21002D4E9013500EA020C04F172
:104A50000C0898E8C10143EA0C032B431843D4E93E
:104A6000072E304338431043626A40EA0E00042A9E
:104A700040EA08031CD1206BD4E90A2E40EA0E005C
:104A8000184308604869BEF1000F20F0030040EAB7
:104A9000020040F0040C11D0B8F5005F36D0B8F138
:104AA000000F45D1022A46D0012A3BD032B942E05C
:104AB0000B60486920F0070040EA020C01F0F800A2
:104AC0004AF6AB221038CAF6AA22A0FB02231A0922
:104AD00046F29863C1F814C0C0F601039A5C40F234
:104AE000FF335F284FF03F0021EA030100FA02F094
:104AF00088BF0431C4E91612886000230125002014
:104B0000636584F83550BDE8F08100BF032AD5D82D
:104B1000012540230120DFE802F0030E030500BF5A
:104B200082E700BFAEF1C070B0FA80F0400904E047
:104B3000032A04D3C2D1CEF300600028BED00125E1
:104B400040230120636584F83550BDE8F081000002
:104B500090F834C0BCF1010F04BF0220704770B55B
:104B60004FF0010C80F834C0D0F858E090F835C010
:104B7000BCF1010F38D14FF0020C80F835C04FF076
:104B8000000CC0F854C0D0F800C08468056CC06D3B
:104B9000DCF80060402C26F48026CCF80060CCF8CD
:104BA00004300B4604BF13460A463F2101FA00F0C9
:104BB000CCF80830CCF80C20CEF80800DCF8000067
:104BC00040F01600CCF800002DB1DCF8000040F0F9
:104BD0000800CCF80000DCF8000040F00100CCF840
:104BE0000000002070BD00BF002180F834100220BA
:104BF00070BD000010B582B001900198013007D05F
:104C000040F20000C2F200000078019908440190CF
:104C10000AF082FC0146019821B102B0BDE81040C3
:104C20000AF04EBC002849D040F21010C2F2000039
:104C3000007900284EF21800CEF2000026D049F28A
:104C4000400E4FF0000CC0F2020E04E001990CF18E
:104C5000010C8C4532D250F8043C0268002107E078
:104C60001144091B944228BF194471452246EDD2D4
:104C700004689442F4D104689442F1D104689442E7
:104C8000EED104689442F3D0EAE700BF002103E0CC
:104C9000019A0131914211D250F8042C026800BFF0
:104CA00003689342F4D103689342F1D103689342BD
:104CB000EED103689342F3D0EAE700BF02B010BD23
:104CC0002DE9F04381B043F20048C2F2000898F8A1
:104CD0001820012A04D1022001B0BDE8F08300BFF2
:104CE0000546012088F818004CF250308946FEF73E
:104CF00095FB28B1002188F8181001B0BDE8F083B9
:104D00004FF0FF30C9F80000286843F6104701282B
:104D1000C4F202071CD128693968000221F44071ED
:104D20003960396880B241F004013960396808435C
:104D300040F4803038604CF25030FEF76FFB396839
:104D400021F00401396057F8101C89053BD452E06A
:104D5000D5E902603044864230D2F000841C00BFA6
:104D600028694FF44072C1B2032939684FEA002024
:104D700021F440713960396838BF82B241EA0200DB
:104D80003860386820F0F8003860386820433860B0
:104D9000386840F4803038604CF25030FEF73EFB0B
:104DA0003968002821F0FA01396047D1D5E90201BC
:104DB00001360844864204F10804D1D3002057F894
:104DC000101C890517D557F8101C21F4007147F8FD
:104DD000101C57F8101C41F4006147F8101C57F8DC
:104DE000101C21F4006147F8101C57F8101C41F406
:104DF000007147F8101C57F8101C49057FF57AAF71
:104E000057F8101C21F4806147F8101C57F8101C4B
:104E100041F4805147F8101C57F8101C21F48051C0
:104E200047F8101C57F8101C41F4806147F8101C1B
:104E3000002188F8181001B0BDE8F083C9F80060BF
:104E400057F8101C8905BED4D5E7000043F6104181
:104E5000C4F20201086840F0004200200A60704776
:104E60002DE9F04381B043F20044C2F200049046C1
:104E7000227E012A04D1022001B0BDE8F08300BFE8
:104E80000746012020764CF250301E460D46FEF7B4
:104E9000C5FA28B10021217601B0BDE8F08300BF3A
:104EA00043F61049022FC4F2020917D0012F2BD06C
:104EB000002F3FD1D9F8000020F44070C9F800005D
:104EC000D9F80000C9F80000D9F8000040F001004E
:104ED000C9F8000085F8008043E000BFD9F8000061
:104EE00020F44070C9F80000D9F8000040F40070C8
:104EF000C9F80000D9F8000040F00100C9F800002E
:104F0000C5F800802DE000BFD9F8000020F4407003
:104F1000C9F80000D9F8000040F48070C9F800001A
:104F2000D9F8000040F00100C9F80000A5F80080A1
:104F300017E000BFD9F8000020F44070C9F8000065
:104F4000D9F8000040F44070C9F80000D9F800001A
:104F500040F00100C9F80000C5F80080BFF36F8F72
:104F60006E604CF25030FEF759FAD9F8001021F07B
:104F70000101C9F800100021217601B0BDE8F083DD
:104F800043F60440C4F20200C168B1F1FF3FC4BF60
:104F90000020704740F22311C4F26751016048F6C7
:104FA000AB11CCF6EF510160C068C00F7047000034
:104FB00040F25461C2F200010968002908BF70473D
:104FC0000847000043F61441C4F201010A68024296
:104FD00014BF08607047FFF7EBBF00002DE9F04FEA
:104FE00082B000F13E4707F1FF77860546EA972732
:104FF00041F60046C4F20206082243F6004EB042D3
:1050000008BF0722C4F2010E072F38BF3A46002618
:1050100000274FF00008009209E000BF08F10108E6
:105020000237B8F1100F06F1040600F0A1800D68F8
:10503000012202FA08F415EA0409EFD0D1F804B00D
:1050400003220BF0030CACF10105BA40012D6FEA0D
:10505000020A0FD88268CD6802EA0A02BD402A43DC
:1050600082604268A243CBF3001404FA08F422439E
:10507000426005E0BCF1030F02D14FF0030C1EE0CB
:10508000C2688C6802EA0A02BC402243BCF1020FEB
:10509000C26014D16FF0030202EA58020244D2F84F
:1050A00020C006F01C040F230D69A3402CEA030363
:1050B000A5402B431362D1F804B00BF0030C026837
:1050C0000CFA07F302EA0A021A431BF4403F02609B
:1050D000A4D0002243F644030192C4F202031A68EA
:1050E0004FF6084C42F480421A601A68CFF6FF7CF3
:1050F00002F480420192019A28F00302724452F8AD
:105100000C3006F00C050F24AC40A343009C04FABD
:1051100005F52B4342F80C30DEF800204B6842EADC
:105120000905DC0358BF22EA0905CEF80050DEF875
:1051300004209C0342EA090558BF22EA0905CEF87B
:105140000450DEF80820DC0242EA090543F60C446C
:1051500058BF22EA0905CEF80850C4F201042268BB
:105160009B0242EA090558BF22EA0905256055E776
:1051700002B0BDE8F08F0000002A08BF0904816179
:10518000704700004EF21000CEF200000068C0032D
:1051900043F69470C2F2000007D540F21011C2F23B
:1051A000000109780268114401600068704700003E
:1051B00040F2101043F69471C2F20000C2F20001F6
:1051C00000780A68104408607047000080B543F614
:1051D0000040C4F20200016841F4007101600168FE
:1051E00041F480610160016841F480710160032035
:1051F00000F080F8002000F005F800F021F8002011
:1052000080BD000080B540F25800C2F20000006886
:1052100044F6D351C1F26201A0FB0101880900F0FC
:105220001FFD40F210114EF62350C2F20001012280
:10523000CEF20000F0230A71037000200A7080BDD6
:1052400082B0002043F640010190C4F202014A6896
:1052500042F480424A604A6802F480420192019A14
:105260000090086840F080500860086800F08050A6
:105270000090009802B07047002848BF704700F0C7
:105280001F01012202FA01F11C2202EAD0004EF2B3
:105290000012CEF2000281507047000010B54EF6A9
:1052A0000C5CCEF2000CDCF80030C3F3022E8EF062
:1052B0000704042C28BF0424BEF103034FF0FF3E73
:1052C0000EFA04F438BF0023A14399400EFA03F309
:1052D0009A43114300F00F0200F160430901043AC0
:1052E00003F564436244002848BF02F10C031970BF
:1052F00010BD00004EF60C51CEF200010A684FF6C8
:10530000FF031A4060F30A2242F0806040F0FD7013
:1053100008607047002804BF012070472DE9F04164
:1053200043F60808C4F202080446D8F8F8030D460C
:1053300000F00700884207D288F8F853D8F8F8033D
:1053400000F00700A84277D12068810717D54107F0
:1053500005D5D8F8001041F4E051C8F80010010755
:1053600005D5D8F8001041F46041C8F80010D8F80D
:105370000010A26821F0F0011143C8F80010C00726
:1053800040D1D8F8F80300F00700A84207D988F800
:10539000F853D8F8F80300F00700A8424CD1206871
:1053A000410707D5D8F80010E26821F4E051114315
:1053B000C8F80010000708D5D8F80000216920F4CB
:1053C000604040EAC100C8F8000000F083F8D8F857
:1053D000001041F24C22C1F30311C0F60102515CEE
:1053E00040F2580220FA01F140F20400C2F200003B
:1053F0000068C2F200021160FFF704FF0020BDE860
:10540000F08100BF6068811E022907D258F8081C8D
:1054100089015CBF0120BDE8F08111E0012807D1BE
:1054200058F8081C89035CBF0120BDE8F08107E043
:1054300058F8081C890703D40120BDE8F08100BF9B
:10544000D8F8001021F003010843C8F80000FFF766
:1054500099FE064641F28837D8F80000616800F0EE
:105460000C00B0EB810F8CD0FFF78CFE801BB84294
:10547000F2D90320BDE8F08140F25800C2F20000EA
:105480000068704740F2580043F60801C2F200007D
:10549000C4F202010068096841F25C22C1F3822172
:1054A000C0F60102515CC8407047000040F258004D
:1054B00043F60801C2F20000C4F202010068096864
:1054C00041F25C22C1F34231C0F60102515CC84096
:1054D0007047000010B543F60404C4F2020460688B
:1054E00000F00C0142F200400829C0F2F40007D09D
:1054F000042918BF10BD41F20020C0F27A0010BD8F
:10550000216801F03F02216823684902C3F3881132
:1055100006D4A1FB00010023FAF7C2FF07E000BF99
:1055200041F20020C0F27A004843B0FBF2F021685B
:105530000222C1F3014102EB4101B0FBF1F010BDC9
:10554000002804BF012070472DE9F04182B00446D5
:10555000007843F60006C007C4F202060CD0B0681B
:1055600000F00C00042840F081803068800303D5EF
:105570006068002800F06A81207880071BD5B06839
:1055800010F00C0F09D0B06800F00C00082840F0B3
:1055900087807068400200F183803068800703D5FF
:1055A000E068012840F052813068216920F0F8005D
:1055B00040EAC10030602078000713D4207840070B
:1055C0002AD4A569002D00F03C81B06800F00C00E1
:1055D000082840F0A180012D40F01081012002B088
:1055E000BDE8F0816069002840F20000C4F2472065
:1055F00000F07E800121C0F8801EFFF7C3FD054644
:10560000706F8007DAD4FFF7BDFD401B0228F7D981
:10561000032002B0BDE8F081306C5FEAC0080AD414
:1056200000200190306C40F080503064306C00F00D
:1056300080500190019847F20007C4F200073868D3
:10564000C00547D4386840F480703860FFF79AFD91
:10565000054600BF3868C0053CD4FFF793FD401BEA
:105660000228F7D9032002B0BDE8F081B06800F04D
:105670000C00082803D1706840023FF576AF6068DF
:10568000B0F5803F07D0B0F5A02F40F09B80306888
:1056900040F480203060306840F4803030609BE01F
:1056A000E06800285CD00020C4F24720012101609E
:1056B000FFF768FD054600BF306880073FF574AF0F
:1056C000FFF760FD401B0228F6D9032002B0BDE8B9
:1056D000F08100BFA068012805D0052854D1306FA3
:1056E00040F004003067306F40F00100306755E053
:1056F0000021C0F8801EFFF745FD0546706F80074A
:105700007FF55CAFFFF73EFD401B0228F6D9032072
:1057100002B0BDE8F08100BF0027C4F24727002097
:105720003866FFF72FFD022D05460DD13068800148
:1057300040F19080FFF726FD401B02284FF0030048
:10574000F4D902B0BDE8F0813068800179D5FFF767
:1057500019FD401B02284FF00300F5D9F1E700BF07
:105760000020C4F2472000210160FFF70BFD054631
:10577000306880077FF51FAFFFF704FD401B02284C
:105780004FF00300F4D9DCE7316F002821F001016C
:105790003167316F21F0040131677DD0FFF7F2FCF2
:1057A000054641F2883700BF306F800700F18680E0
:1057B000FFF7E8FC401BB842F6D9032002B0BDE871
:1057C000F08100BF3168002821F4803131603168F8
:1057D00021F4802131607BD0FFF7D4FC054600BF67
:1057E000306880033FF5C8AEFFF7CCFC401B64284F
:1057F000F6D9032002B0BDE8F08100BF7068E1690E
:1058000000F480028A4221D1216A00F03F028A42DC
:105810001CD147F6C071626A0140B1EB821F15D1FD
:10582000A16A4FF6FF73C903994300F44032A1F512
:1058300080318A420AD1E16A00F07060B0EB016FFA
:1058400004D1002002B0BDE8F08100BF012002B009
:10585000BDE8F08104F11C052FCD084340EA821019
:10586000D9034FF6FF729143A1F5803140EA0560FC
:105870000843706001203866FFF784FC044600BFCF
:1058800030688001DDD4FFF77DFC001B02284FF05B
:105890000300F5D955E700BFFFF774FC054641F258
:1058A000883700BF306F800708D5FFF76BFC401BBF
:1058B000B8424FF00300F5D943E700BFB8F1000F3D
:1058C0003FF57FAE306C20F08050306479E600BF49
:1058D000FFF758FC054600BF306880037FF54CAEEB
:1058E000FFF750FC401B64284FF00300F4D928E771
:1058F00070B538B10446406A30B10020206104F12F
:10590000140007E0012070BD6068B0F5827F03D00D
:1059100004F11C00002101600026A66294F85100E9
:1059200020B9204684F8506000F03CF8022084F84A
:10593000510094E80F0001F48271056802F40442FA
:1059400025F040050560114403F400622369114409
:1059500003F002026369114403F00102A369E569DF
:10596000114403F40072114405F03802256A114411
:1059700005F08002A56A114305F40052114301604D
:10598000626A042101EA134102F0100211444160ED
:10599000C16921F40061C1610120666584F851008C
:1059A000304670BD016843F20000C4F2010081423C
:1059B00018BF704780B586B0002143F630020191D0
:1059C000C4F20202536900F5504043F4805353611E
:1059D000536903F480530193019B0191136843F0D1
:1059E00001031360126802F001020192019AA022E1
:1059F00001920222CDE902210321049105210591A2
:105A000001A9FFF7EBFA06B0BDE88040704700003F
:105A10002DE9F04383B0044690F85000012803D1EB
:105A2000022003B0BDE8F0834FF001091D46164681
:105A30000F4684F85090FFF7A5FB94F85110012908
:105A400044D18046002F4FF0010018BF002E00F017
:105A5000D4800320002184F8510061652763A68665
:105A6000E686A163A187E187A0682164B0F5004FB5
:105A70002068616407D1016821F04001016001687C
:105A800041F4804101600168490603D4016841F096
:105A9000400101606168731EE268B1FA81F1B3FAF6
:105AA00083F349095B09B2F5006F41EA03013BD179
:105AB00031B137F8021BC1602763E08E0138E08600
:105AC000E08E00286AD0681C0DD11CE0022094E012
:105AD000216B31F8022BC2602163E08E0138E08631
:105AE000E08E00285AD0206881688907F0D4FFF73B
:105AF00049FBA0EB0800A842F2D338E0FFF742FBD5
:105B0000E08E00284AD0206881688907F6D5216B8D
:105B100031F8022BC2602163E08E0138E086E08E0E
:105B20000028F0D13AE000BF39B139780173206B19
:105B300001302063E08E0138E086E08E70B3681C8F
:105B40000BD11BE0216B09780173206B01302063BE
:105B5000E08E0138E086E08E00B320688168890716
:105B6000F0D4FFF70FFBA0EB0800A842F3D303200B
:105B700043E000BFFFF706FBE08E78B12068816844
:105B80008907F7D5216B09780173206B01302063F9
:105B9000E08E0138E086E08E0028EFD140F2580018
:105BA000C2F20000006849F68171C1F25E61A0FB9B
:105BB0000101480D4FF47A71484302906068B0F5D6
:105BC000827F23D1204680212A46434603F05CFF92
:105BD00028B1606D40F02000606520206065A068FD
:105BE00038B9002001902068C16801918068019057
:105BF0000198606D002818BF0120002184F85190A1
:105C000084F8501003B0BDE8F08300BF029800286C
:105C1000E5D0029801380290206880680006DED541
:105C200002980028DBD00298013802902068806832
:105C30000006D4D502980028D1D0029801380290ED
:105C4000206880680006CAD502980028C7D002984C
:105C500001380290206880680006D7D4BFE70000B2
:105C6000411E0020B0EB116F1CBF012070474EF2A7
:105C70001002CEF2000251604EF62351CEF2000126
:105C8000F0230B700721906011607047704700008F
:105C90007047000090F83C20012A04BF02207047A2
:105CA000B0B501F108053CCDD1E900CE23F47C5319
:105CB00022F470521A432EF4F0431A432CF4E043BA
:105CC0001A4324F4C0431A432A43C96922F4804288
:105CD000036811435964002180F83C10BDE8B040CE
:105CE0000846704790F83C20012A4FF0020254D039
:105CF00010B580F83D200268D2F804E0D2F808C060
:105D00000C682EF07003234341F2FF74C4F20004C8
:105D1000A24253600EDC40F2FF73C4F200039A42C9
:105D200016DCB2F1804F2BD040F20043C4F20003E6
:105D300024E000BF40F2FF33C4F201039A4213DCB7
:105D400041F60003C4F200039A4219D0002313E085
:105D500040F60003C4F200039A4211D040F600431B
:105D6000C4F200030AE000BF44F20003C4F20103DE
:105D70009A4205D040F20043C4F201039A4204D192
:105D800049682CF08003194391600121002280F8BA
:105D90003D1080F83C20BDE81040104670470000E0
:105DA00041B1082910D0042914BF00F1450200F1C7
:105DB00043020BE090F84220012A1CBF01207047EB
:105DC000022280F8422013E000F144021278012AF6
:105DD0001CBF012070470222082907D0042914BFE4
:105DE00080F8452080F8432002E000BF80F844207E
:105DF000006801F01F010422036A02FA01F123EA9C
:105E000001020262026A11430162416C41F2FF72B7
:105E1000C4F2000241F40041904241640EDC40F2C1
:105E2000FF71C4F20001884216DCB0F1804F2BD024
:105E300040F20041C4F2000124E000BF40F2FF3113
:105E4000C4F20101884213DC41F60001C4F20001F2
:105E5000884219D0002113E040F60001C4F200018D
:105E6000884211D040F60041C4F200010AE000BFB0
:105E700044F20001C4F20101884205D040F2004121
:105E8000C4F20101884204D1816801F007010629AA
:105E900003D0016841F0010101600020704700005B
:105EA00010B5026801F01F0E4FF0040C146A0CFAD2
:105EB0000EF324EA03031362136A1362146A41F2B5
:105EC00011131C4206D1D2F820C040F244441CEA0F
:105ED000040F0DD0146A1C4211D1136A40F24444DD
:105EE00023420CD1136823F00103136007E000BFC5
:105EF000546C24F400445464146A1C42EDD0082904
:105F00000CD0042910D000294FF0010114BF80F8F3
:105F1000451080F84210002010BD00BF012180F81C
:105F20004410002010BD00BF012180F84310002064
:105F300010BD0000002804BF0120704710B50446C2
:105F400090F83D0028B9002084F83C00204600F07D
:105F50001FF8022084F83D002068211D04F0D6F9C6
:105F6000012084F8460084F83E0084F83F0084F85D
:105F7000400084F8410084F8420084F8430084F82B
:105F8000440084F8450084F83D00002010BD000066
:105F900070B584B004460068B0F1804F42D040F63E
:105FA0000001C4F20001884256D00021C4F2010170
:105FB000884234D1002043F640010390C4F202012C
:105FC0004A6842F2944542F001024A604968C2F2CE
:105FD000000501F001010391039946F22841C4F242
:105FE00002014FF04062402385E80E0005F10C01EC
:105FF0004FF4806C4FF4805E4FF4804681E801508E
:106000004FF48031C5E90660C5E908102846FEF75F
:10601000EDFC002818BFFDF7FBF96562AC6304B026
:1060200070BD00BF0020029043F64000C4F20200A1
:106030000168002241F0010101600068002100F0C8
:106040000100029002981C20FFF728F91C2004B0E0
:10605000BDE87040FFF710B90020019043F6400002
:10606000C4F202000168002241F0040101600068EE
:10607000002100F00400019001981E20FFF70EF9A6
:106080001E2004B0BDE87040FFF7F6B890F83D1050
:1060900001291CBF01207047022180F83D100068D3
:1060A00041F2FF72C168C4F20002904241F0010166
:1060B000C1600DDC40F2FF71C4F20001884215DCC2
:1060C000B0F1804F2AD040F20041C4F2000123E039
:1060D00040F2FF31C4F20101884213DC41F60001B5
:1060E000C4F20001884219D0002113E040F60001FB
:1060F000C4F20001884211D040F60041C4F2000110
:106100000AE000BF44F20001C4F20101884205D058
:1061100040F20041C4F20101884206D1816801F0D9
:106120000701062904BF00207047016841F0010102
:1061300001600020704700000146006841F2111321
:10614000C26822F00102C260026A1A4204D001222F
:10615000002081F83D207047026A40F244431A4211
:10616000F5D1026822F0010202600122002081F8CC
:106170003D20704790F83C20012A4FF0020200F0C9
:10618000C58080B580F83D20D0F800C04FF677720A
:10619000DCF8083023EA0202CCF808200B684F2B09
:1061A00028DC1F2B44DD202B45D0302B43D0402B47
:1061B00040F0AE80D1F804E0C968DCF82030DCF8AB
:1061C000202022F00102CCF82020DCF8182022F058
:1061D000F00242EA011123F00A0242EA0E02CCF870
:1061E0001810CCF82020DCF8081041F0470121F00D
:1061F000300180E06F2B27DDB3F5005F48D0B3F5A9
:10620000805F7AD0702B40F08380D1E901E3C968C8
:10621000DCF8082043EA0E0322F47F4243EA01211E
:106220001143CCF80810DCF8081041F0770162E067
:106230000BB1102B6CD1DCF8081021F07001194360
:1062400041F0070157E000BF502B35D0602B5FD1E4
:10625000D1F804E0C968DCF8203023F01003CCF852
:106260002030DCF81830DCF8202023F4704322F0D2
:10627000A00243EA013142EA0E12CCF81810CCF821
:106280002020DCF8081041F0670121F0100132E015
:10629000D1E901E3C968DCF8082043EA0E0322F4DF
:1062A0007F4243EA01211143CCF80810DCF80810C2
:1062B00041F480411FE000BFD1F804E0C968DCF878
:1062C0002030DCF8202022F00102CCF82020DCF87D
:1062D000182022F0F00242EA011123F00A0242EAF9
:1062E0000E02CCF81810CCF82020DCF8081041F091
:1062F000570121F02001CCF808100022012180F87C
:106300003D10002180F83C10BDE8804010467047E9
:106310000122F3E7704700007047000010B50168E4
:1063200004460869800744BFC8685FEA807039D4B2
:106330000869400744BFC8685FEA40703ED40869F6
:10634000000744BFC8685FEA007045D40869C0060A
:1063500044BFC8685FEAC0604AD40869C0071CBF70
:10636000C8685FEAC07051D10869000644BFC868B8
:106370005FEA006052D40869400644BFC8685FEA1B
:10638000406053D40869800646BFC8685FEA8060F1
:1063900010BD6FF0200220460A61BDE81040FFF7F3
:1063A00077BC00BF6FF00200086101202077886988
:1063B000800743D02046FFF7AFFF45E06FF00400B1
:1063C000086102202077886910F4407F40D0204681
:1063D000FFF7A2FF42E000BF6FF008000861042051
:1063E0002077C86980073DD02046FFF795FF3FE042
:1063F0006FF01000086108202077C86910F4407F12
:106400003AD02046FFF788FF3CE000BF6FF0010064
:106410000861204600F07CFB2168A5E76FF0800052
:1064200008612046FFF732FC2168A4E76FF04000C6
:106430000861204600F08CFB2168A3E7204600F0AD
:1064400025F8204600F0A0F92168002020776FE7AA
:10645000204600F01BF8204600F096F92168002045
:1064600020776CE7204600F011F8204600F08CF908
:1064700021680020207769E7204600F007F82046D1
:1064800000F082F921680020207766E7704700005D
:1064900090F83C30012B04BF022070474FEAB20253
:1064A000032A00F201812DE9F043DFE802F0033F07
:1064B0007FBF00BF036840F200461A6A43F480655C
:1064C00022F001021A621C6A1A46D3F804C052F87C
:1064D00018EF8F6824F00204C4F20106B54244EAC2
:1064E000070405D1CF6824F00C0427F004073C43CF
:1064F0000F68B54206D1D1E905582CF440762E43F9
:1065000046EA080C2EF073063743C3F804C09F61B7
:106510004F6809695F631C629F6947F008079F61C4
:106520009F6927F004079F61B2E000BF036840F253
:1065300000481A6A43F4806522F010021A621C6A4D
:106540001A46D3F804C052F818EF8F6824F02004DC
:10655000C4F20108454544EA071407D1CF686FF03B
:10656000400624F0C00406EA07163443D1F8009030
:10657000454506D1D1E905562CF440672E4347EA3C
:10658000860C2EF4E64747EA0927C3F804C09F614A
:106590004F6809699F631C629F6947F400679F61A8
:1065A0009F6927F480679F6171E000BF036840F234
:1065B00000481A6A43F4806522F480721A621C6AE9
:1065C0001A46D3F804C052F81CEF8F6824F4007404
:1065D000C4F20108454544EA072408D1CF6840F2D7
:1065E000FF463F0224F4406427EA06063443D1F80C
:1065F0000090454506D1D1E905562CF440572E436D
:1066000047EA061C2EF0730747EA0907C3F804C0DF
:10661000DF614F680969DF631C62DF6947F00807C3
:10662000DF61DF6927F00407DF6131E0036840F2D2
:1066300000451A6A43F4806722F480521A621A46AF
:10664000D3F820C05C6852F81CEFD1F800808E6847
:10665000C4F20105AF4204D14D6924F4804444EAF8
:1066600085142CF4005747EA06372EF4E64646EA2E
:1066700008265C60DE614E6809691E641F62DF697E
:1066800047F40067DF61DF6927F48067DF61090293
:106690001368194311600021BDE8F043002280F81F
:1066A0003C200846704700BF0121002280F83C20B2
:1066B00008467047002804BF0120704710B5044603
:1066C00090F83D0028B9002084F83C00204600F0F6
:1066D0001FF8022084F83D002068211D03F016FEFB
:1066E000012084F8460084F83E0084F83F0084F8D6
:1066F000400084F8410084F8420084F8430084F8A4
:10670000440084F8450084F83D00002010BD0000DE
:1067100080B582B0006840F20041C4F201018842B5
:1067200020D040F60041C4F20001884229D1002067
:10673000019043F64000C4F202000168002241F0DB
:10674000080101600068002100F008000190019834
:106750003220FEF7A3FD322002B0BDE88040FEF7F4
:106760008BBD00BF0020009043F64000C4F2020041
:10677000416841F002014160406800F00200009071
:10678000009802B080BD000000680021C4F2010141
:10679000884218BF704742F6A410C2F200000021E0
:1067A00000F03AB970470000B0B50C46054649B153
:1067B000082C0FD0042C14BF05F1410005F13F0057
:1067C0000AE000BF284610F83E1F022904BF02203D
:1067D000B0BD0EE005F140000078022804BF0220A1
:1067E000B0BD082C1CD0042C14BF05F1410005F1EC
:1067F0003F000078012840F0A98012B9002B40F03A
:10680000A580022094B1082C18D0042C14BF85F860
:10681000410085F83F004FEAB400032815D995E000
:1068200005F1400000780128E7D08FE085F83E00B0
:106830004FEAB400032808D988E000BF85F840007B
:106840004FEAB400032800F28180DFE800F0032360
:10685000436300BF686A4AF24941C0F60001C16360
:10686000686A4AF2B541C0F600010164686A4AF2FA
:10687000ED41D5F800C0C0F60001C164686A0CF1B2
:10688000340C11466246FEF763F900285ED14FF4DE
:1068900000715FE0A86A4AF24941C0F60001C16395
:1068A000A86A4AF2B541C0F600010164A86A4AF23A
:1068B000ED41D5F800C0C0F60001C164A86A0CF132
:1068C000380C11466246FEF743F900283ED14FF4DA
:1068D00080613FE0E86A4AF24941C0F60001C163C5
:1068E000E86A4AF2B541C0F600010164E86A4AF27A
:1068F000ED41D5F800C0C0F60001C164E86A0CF1B2
:106900003C0C11466246FEF723F9F8B94FF40061DA
:1069100020E000BF286B4AF24941C0F60001C16384
:10692000286B4AF2B541C0F600010164286B4AF2B7
:10693000ED41D5F800C0C0F60001C164286B0CF130
:10694000400C11466246FEF703F908B10120B0BDC4
:106950004FF480512868C2681143C16004F01F01E0
:106960000122036A02FA01F123EA01020262026AC9
:10697000114341F2FF72C4F20002904201620BDC4B
:1069800040F2FF71C4F20001884213DCB0F1804F85
:1069900036D040F2004115E040F2FF31C4F201016F
:1069A000884215DC41F60001C4F20001884227D07C
:1069B000002115E040F60001C4F2000188421FD01A
:1069C00040F60041C4F20001884219D01DE000BF2A
:1069D00044F20001C4F20101884211D040F20041AA
:1069E000C4F20101884210D1416C40F2004340F4EE
:1069F0008062C4F2010341F400419A42416404D12F
:106A0000816801F00701062903D0016841F0010106
:106A100001600020B0BD0000B0B50D464FEAB101E5
:106A200003290DD80446DFE801F0030D151D00BF52
:106A3000204650F8241BCA6822F4007218E000BFF8
:106A40000120B0BD204650F8281BCA6822F480629D
:106A50000EE000BF204650F82C1BCA6822F40062EA
:106A600006E000BF204650F8301BCA6822F480526E
:106A7000CA600068FDF7C6FE206805F01F0101220C
:106A8000036A02FA01F123EA0101016240F20043C4
:106A9000016A40F48062C4F201039A42016209D1A2
:106AA000016A41F21112114204D1016A40F24442DA
:106AB00011420FD0016A41F21112114213D1016A41
:106AC00040F2444211420ED1016821F001010160FF
:106AD00009E000BF416C21F400414164016A41F2C8
:106AE00011121142EBD00120082D09D0042D0BD03A
:106AF000002D14BF84F8410084F83E000020B0BD92
:106B000084F840000020B0BD84F83F000020B0BDF4
:106B100042F63421C2F200010968006881420FD0B8
:106B200042F6EC11C2F200010968814218BF7047B9
:106B300040F22410C2F20000406840B1004700BF9C
:106B400040F22410C2F2000000680028F6D170471D
:106B5000704700007047000010B50446206850E8F8
:106B6000030F216820F4907041E80302BAB3206853
:106B700050E8030F216820F4907041E8030272B3DB
:106B8000206850E8030F216820F4907041E8030268
:106B90002AB3206850E8030F216820F4907041E880
:106BA0000302002ADAD11AE0206850E8050F2168B4
:106BB00020F0010041E80502DAB1206850E8050F35
:106BC000216820F0010041E8050292B1206850E8F8
:106BD000050F216820F0010041E805024AB1206854
:106BE00050E8050F216820F0010041E80502002A65
:106BF000DAD1206B012824D1206850E8030F2168E6
:106C000020F0100041E80302DAB1206850E8030FD9
:106C1000216820F0100041E8030292B1206850E89A
:106C2000030F216820F0100041E803024AB12068F8
:106C300050E8030F216820F0100041E80302002A09
:106C4000DAD120684069400636D500BF206850E898
:106C5000050F216820F0400041E80502DAB1206804
:106C600050E8050F216820F0400041E8050292B18C
:106C7000206850E8050F216820F0400041E8050237
:106C80004AB1206850E8050F216820F0400041E833
:106C90000502002ADAD1A06B70B100210165FDF771
:106CA00069FD48B1A06BFDF7BFFD202804D110207D
:106CB0002064032010BD00BF00202021E08584F85F
:106CC0003E10206310BD000070470000B0B582B0D8
:106CD000044600680168C368426901F02F05202D51
:106CE00003F0200506D12DB1204602B0BDE8B0402A
:106CF00004F018B95FEA017C1EBF02F0010E03F434
:106D0000907212EB0E0243D1226BCD0618D5012AE8
:106D100016D113F0100213D00021019101680191E6
:106D2000416801910199406940063BD4A08DE18DF5
:106D3000E28D002A18BF884240F0EA8102B0B0BD5F
:106D40000A0640F1DF8013F0800200F0DB8094F847
:106D50003D102129F2D1A168B1F5805F03D12169ED
:106D6000002900F05982216A4A1C22620978416098
:106D7000E18C01390A04E184E0D1C16821F080018D
:106D8000C160C16841F04001C16002B0B0BD00BF48
:106D9000CA0718BF13F4807240F0C8804A0700F198
:106DA000CB80D0E0A16B0868426893B2002BC5D0BD
:106DB000A08D8342C2D2E285C969B1F5807F00F01F
:106DC0009E80206850E8030F216820F4807041E81D
:106DD0000302DAB1206850E8030F216820F48070C4
:106DE00041E8030292B1206850E8030F216820F4C3
:106DF000807041E803024AB1206850E8030F21681F
:106E000020F4807041E80302002ADAD1206850E8BB
:106E1000050F216820F0010041E80502BAB320689F
:106E200050E8050F216820F0010041E8050272B327
:106E3000206850E8050F216820F0010041E80502B4
:106E40002AB3206850E8050F216820F0010041E8CE
:106E50000502002ADAD11AE0206850E8050F2168FF
:106E600020F0400041E80502DAB1206850E8050F43
:106E7000216820F0400041E8050292B1206850E806
:106E8000050F216820F0400041E805024AB1206862
:106E900050E8050F216820F0400041E80502002A73
:106EA000DAD1202084F83E0000202063206850E8DA
:106EB000030F216820F0100041E80302DAB12068D6
:106EC00050E8030F216820F0100041E8030292B15E
:106ED000206850E8030F216820F0100041E8030209
:106EE0004AB1206850E8030F216820F0100041E803
:106EF0000302002ADAD1A06BFDF73CFCA08DE18DE6
:106F0000401A7CE149067FF519AF13F040013FF4C8
:106F100015AFC16821F04001C1602021204684F8EE
:106F20003D1002B0BDE8B04000F022BF226C42F03C
:106F3000010222644A0706D5BEF1000F03D0226C7D
:106F400042F0020222648A0706D5BEF1000F03D088
:106F5000226C42F004022264BCF1000F06D55EEA06
:106F6000050203D0226C42F008022264226C002A3F
:106F70003FF4E4AE890604D51DB1204603F0D2FFEC
:106F800020684069216C00F0400001F008014018C1
:106F900000F0B680206850E8030F216820F490705C
:106FA00041E80302BAB3206850E8030F216820F4D7
:106FB000907041E8030272B3206850E8030F216823
:106FC00020F4907041E803022AB3206850E8030FD0
:106FD000216820F4907041E80302002ADAD11AE017
:106FE000206850E8050F216820F0010041E8050203
:106FF000DAB1206850E8050F216820F0010041E86F
:10700000050292B1206850E8050F216820F00100C8
:1070100041E805024AB1206850E8050F216820F0D8
:10702000010041E80502002ADAD1206B012824D1B1
:10703000206850E8030F216820F0100041E80302A7
:10704000DAB1206850E8030F216820F0100041E811
:10705000030292B1206850E8030F216820F010006D
:1070600041E803024AB1206850E8030F216820F08C
:10707000100041E80302002ADAD1202084F83E0003
:107080000020206320684069400640F1BF802068EE
:1070900050E8050F216820F0400041E80502DAB110
:1070A000206850E8050F216820F0400041E8050203
:1070B00092B1206850E8050F216820F0400041E8B7
:1070C00005024AB1206850E8050F216820F0400011
:1070D00041E80502002ADAD1A06B002800F0968072
:1070E0004AF67531C0F600010165FDF78BFB0028FB
:1070F0003FF424AEA06B016D02B0BDE8B04008477C
:107100002046FFF7E1FD0020206402B0B0BD00BFC3
:10711000401A00BF216851E8031F226821F49071D2
:1071200042E80313BBB3216851E8031F226821F42E
:10713000907142E8031373B3216851E8031F22687A
:1071400021F4907142E803132BB3216851E8031F27
:10715000226821F4907142E80313002BDAD11AE07F
:10716000216851E8051F226821F0010142E805135A
:10717000DBB1216851E8051F226821F0010142E8D6
:10718000051393B1216851E8051F226821F0010120
:1071900042E805134BB1216851E8051F226821F030
:1071A000010142E80513002BDAD1202184F83E10BA
:1071B00000212163216851E8031F226821F010019A
:1071C00042E80313DBB1216851E8031F226821F074
:1071D000100142E8031393B1216851E8031F2268AC
:1071E00021F0100142E803134BB1216851E8031F5D
:1071F000226821F0100142E80313002BDAD181B29A
:10720000204602B0BDE8B040FFF7A4BC204602B063
:10721000BDE8B040FFF758BD216A31F8022B6FF38B
:107220005F2242602162A3E5002804BF012070476D
:1072300010B5044690F83D0028B9002084F83C00C1
:10724000204600F021F8242084F83D002068C16821
:1072500021F40051C160204603F0E4FE206801697A
:1072600021F490410161416921F02A014161C16825
:1072700041F40051C16000202021206484F83D10B9
:1072800084F83E1010BD00002DE9F04786B004469A
:10729000006844F6FF71C4F2000188424FF000011B
:1072A0000591CDE90311CDE901117DDC44F20041E6
:1072B000C4F20001884200F0F18044F60001C4F2FB
:1072C0000001884200F0528144F60041C4F20001FE
:1072D000884240F02182002643F630000096C4F236
:1072E0000200016946F2280841F4002101610169A8
:1072F000C4F2020801F4002100910099009601688F
:1073000041F004010160006801A900F00400009050
:1073100000984FF4406001900220CDE9020603205E
:1073200004900820059040F60000C4F20200FDF72A
:1073300055FE42F2F44508F11800C2F200054FF084
:1073400000674FF480694FF48071C5E90007284653
:10735000C5E90266C5E90496C5E90661C5E908669E
:10736000FDF744FB002818BFFCF752F8A563AC6397
:1073700042F2545508F14800C2F200054021C5E927
:10738000000705F1080080E842022846C5E90566C5
:10739000C5E907666E62FDF729FB00284FF0340649
:1073A00040F0AE81AEE100BF45F20001C4F2000141
:1073B000884200F0438141F20001C4F20101884299
:1073C00000F0AE8141F20041C4F20101884240F078
:1073D000A381002643F630000096C4F20200416902
:1073E00046F2280841F0200141614169C4F20208D7
:1073F00001F02001009100990096016841F004011C
:107400000160006801A900F0040000900098C0200D
:1074100001900220CDE90206032004900820059087
:1074200040F60000C4F20200FDF7D8FD42F6540514
:1074300008F58360C2F200054FF020674FF48069C1
:10744000C5E900072846C5E90266C5E90496C5E90D
:107450000666C5E90866FDF7C9FA002818BFFBF7FC
:10746000D7FFA563AC6342F6B40508F58F60C2F29E
:1074700000054021C5E9000705F1080080E8420247
:107480002846C5E90566C5E907666E62FDF7AEFAEE
:1074900000284FF0470640F0338133E1002643F6E1
:1074A00030000096C4F20200016946F2280841F457
:1074B000003101610169C4F2020801F40031009158
:1074C00000990096016841F008010160006801A977
:1074D00000F0080000900098602001900220CDE9A3
:1074E0000206032004900720059040F60000C4F235
:1074F000020000F58060FDF771FD42F2D46508F1ED
:107500006000C2F200054FF000674FF48069C5E9E2
:1075100000072846C5E90266C5E90496C5E906667E
:10752000C5E90866FDF762FA002818BFFBF770FF8F
:10753000A563AC6342F2347508F17800C2F200052D
:107540004021C5E9000705F1080080E8420228460D
:10755000C5E90566C5E907666E62FDF747FA0028CA
:107560004FF0260618BFFBF753FFCBE0002643F68B
:1075700030000096C4F20200016946F2280841F486
:10758000802101610169C4F2020801F480210091A7
:1075900000990096016841F002010160006801A9AC
:1075A00000F00200009000984FF44060019002202B
:1075B000CDE90206032004900720059040F6000064
:1075C000C4F20200A0F58060FDF708FD42F2947558
:1075D000C2F200054FF480704FF000674FF48069ED
:1075E000C5E906602846C5E90087C5E90266C5E920
:1075F0000496C5E90866FDF7F9F9002818BFFBF7FE
:1076000007FFA563AC6342F2F47508F13000C2F2E3
:1076100000054021C5E9000705F1080080E84202A5
:107620002846C5E90566C5E907666E62FDF7DEF91D
:1076300000284FF0270663D164E000BF002743F61F
:1076400030000097C4F20200016940F6000541F4E1
:10765000801101610169C4F2020501F480110091F9
:1076600000990097016801AE41F0040101600168D2
:107670004FF0020801F004010091009900970168A1
:107680004FF0030941F00801016000684FF0080A5B
:1076900000F00800009000984FF4805001902846B8
:1076A0003146CDE90287CDF81090CDF814A0FDF752
:1076B00095FC0420CDE9010803A880E8800605F5C3
:1076C00080603146FDF78AFC46F22800C4F20200D1
:1076D00042F2B4559030C2F200054FF000614022F2
:1076E0004FF4806385E887002846C5E90437C5E97B
:1076F0000677C5E90877FDF779F94FF0350608B147
:10770000FBF786FE3046002100226563AC63FDF77F
:10771000C5FD3046FDF7B0FD06B0BDE8F08700BFFF
:10772000002643F630000096C4F20200416946F29A
:10773000280841F0100141614169C4F2020801F0DA
:107740001001009100990096016841F0010101606B
:10775000006801A900F00100009000984FF4C0609B
:1077600001900220CDE90206032004900720059035
:1077700040F60000C4F20200A0F50060FDF72EFC08
:1077800042F2146508F58C60C2F200054FF0006704
:107790004FF480694FF48071C5E900072846C5E9B8
:1077A0000266C5E90496C5E90661C5E90866FDF704
:1077B0001DF9002818BFFBF72BFEA563AC6342F24E
:1077C000746508F59260C2F200054021C5E9000722
:1077D00005F1080080E842022846C5E90566C5E9CA
:1077E00007666E62FDF702F900284FF0250687D183
:1077F00088E7000070B582B0044690F83E0020286B
:107800000ED113460A4600294FF0010018BF002B85
:1078100002D102B070BD00BF94F83C00012803D132
:10782000022002B070BD00BF012084F83C00002699
:1078300022202663A262A385266484F83E00A06B02
:107840004AF6FD4C4AF659652168C0F6000CC0F6B0
:107850000005C0E90FC54AF68135C0F600050431C0
:10786000C0E91356FDF774F901962068016801918B
:1078700040680190019884F83C6000BF206850E89F
:10788000030F216840F4807041E80302E2B12068F0
:1078900050E8030F216840F4807041E803029AB178
:1078A000206850E8030F216840F4807041E803022B
:1078B00052B1206850E8030F216840F4807041E81D
:1078C0000302002ADAD100BF206850E8050F2168C2
:1078D00040F0010041E80502BAB3206850E8050F06
:1078E000216840F0010041E8050272B3206850E8C9
:1078F000050F216840F0010041E805022AB3206825
:1079000050E8050F216840F0010041E80502002A17
:10791000DAD11AE0206850E8050F216840F04000F5
:1079200041E80502DAB1206850E8050F216840F00F
:10793000400041E8050292B1206850E8050F216837
:1079400040F0400041E805024AB1206850E8050FC8
:10795000216840F0400041E80502002ADAD1002009
:1079600002B070BD70B542F63876C2F20006D6F8A5
:10797000B810814227D043F20406C2F20006D6F8BE
:10798000B81081421FD043F2D006C2F20006D6F8EA
:10799000B810814217D043F29C16C2F20006D6F806
:1079A000B81081420FD043F26826C2F20006D6F822
:1079B000B810814207D043F23436C2F20006D6F83E
:1079C000B81081422AD1FFF7C7F8D6F8C00006F1F7
:1079D0007804006806F1460540682946C0F1320087
:1079E000A6F8AC0082B22046F8F7DEFEB6F8AC107E
:1079F000D6E92D201144C6F8B41029463222FFF7EB
:107A0000F9FEB6F8AC10002908BF70BDD6F8C42046
:107A100022B12046BDE87040104700BF70BD000095
:107A2000704700002DE9F04381B0044690F83D0016
:107A300020280DD10F4600294FF0010000F0DD8015
:107A40001646002A00F0D98094F83C00012803D1A2
:107A5000022001B0BDE8F083012084F83C00002042
:107A6000206421201D4684F83D00FDF78BFBA68491
:107A7000E684A1680646B1F5805F03D1206900283D
:107A800000F01081B8460027002084F83C00E18C0B
:107A90002068002900F0908005F101090DE000BF89
:107AA000B8F1000F28D018F8011B4160E18C0139B2
:107AB000E184E18C002900F07F8001680906EFD4A1
:107AC000B9F1000F0AD0FDB1FDF75CFB801BA842A5
:107AD0001AD8206801680906F6D5E1E701680906A9
:107AE000DED4016809065CBF01685FEA0161D7D492
:107AF00001680906F2D5D3E737F8021B4FF00008FA
:107B00006FF35F21D1E700BF206850E8030F2168C1
:107B100020F4D07041E80302BAB3206850E8030FA4
:107B2000216820F4D07041E8030272B3206850E865
:107B3000030F216820F4D07041E803022AB32068C3
:107B400050E8030F216820F4D07041E80302002AB6
:107B5000DAD11AE0206850E8050F216820F0010012
:107B600041E80502DAB1206850E8050F216820F0ED
:107B7000010041E8050292B1206850E8050F216834
:107B800020F0010041E805024AB1206850E8050FE5
:107B9000216820F0010041E80502002ADAD1202006
:107BA00084F83D0084F83E00002084F83C00032067
:107BB00001B0BDE8F08300BF0168490619D4FDB1EA
:107BC000691C0DD10168490613D4016849065CBFE0
:107BD00001685FEA41610CD401684906F2D508E00A
:107BE000FDF7D0FA801BA8420AD82068006840063A
:107BF000F6D5202084F83D00002001B0BDE8F083D8
:107C0000206850E8030F216820F4D07041E8030297
:107C1000E2B3206850E8030F216820F4D07041E8F7
:107C200003029AB3206850E8030F216820F4D07053
:107C300041E8030252B3206850E8030F216820F4A2
:107C4000D07041E80302002ADAD11FE0206850E832
:107C5000050F216820F0010041E80502002A9ED0AE
:107C6000206850E8050F216820F0010041E8050276
:107C7000002A3FF494AF206850E8050F216820F0F7
:107C8000010041E80502002A3FF489AF206850E86E
:107C9000050F216820F0010041E80502002AD5D136
:107CA0007DE700BF4FF00008EEE6000070B5044627
:107CB00090F83D0020280BD100294FF0010055D04D
:107CC000002A134608BF70BD94F83C00012801D17A
:107CD000022070BD012084F83C0000262120216292
:107CE000A384E384266484F83D00606B4AF66D6CDF
:107CF0004AF61D752268C0F6000CC0F60005C0E902
:107D00000FC54AF68135C0F600050432C0E91356A6
:107D1000FCF71EFF20686FF04001016084F83C60B2
:107D2000206850E8050F216840F0800041E8050216
:107D3000DAB1206850E8050F216840F0800041E882
:107D4000050292B1206850E8050F216840F08000DC
:107D500041E805024AB1206850E8050F216840F06B
:107D6000800041E80502002ADAD1002070BD000041
:107D700010B542F63874C2F20004D4F8B81081424B
:107D800033D043F20404C2F20004D4F8B8108142A4
:107D90002BD043F2D004C2F20004D4F8B8108142D0
:107DA00023D043F29C14C2F20004D4F8B8108142EC
:107DB0001BD043F26824C2F20004D4F8B810814208
:107DC00013D043F23434C2F20004D4F8B810814224
:107DD00018BF10BD40F60000C4F202004FF48071DD
:107DE0000022FDF7C9F9D4F8B80004F146013222A7
:107DF000FFF700FDD4F8C80010B1BDE810400047FF
:107E000010BD000070470000002808BF704770B523
:107E100040F21011C2F200010A794EF21801CEF2BE
:107E2000000100F0030C2AB349F240030428C0F219
:107E3000020380F08380BCF1000F00F0468151F80E
:107E4000040C0E68002207E03244521BB54228BFE2
:107E500002449A422E464FD20D68B542F4D10D68C5
:107E6000B542F1D10D68B542EED10D68B542F3D0FF
:107E7000EAE700BF042880F0DB80BCF1000F00F0CF
:107E8000248151F8040C08680A68824208D10A6803
:107E9000824205D10A68824202D10A688242F3D046
:107EA000BCF1010F00F0118151F8040C086800BF0B
:107EB0000A68824208D10A68824205D10A68824271
:107EC00002D10A688242F3D0BCF1020F00F0FD80BB
:107ED00051F8040C086800BF0A68824240F0F5803F
:107EE0000A68824240F0F1800A68824240F0ED80E8
:107EF0000A688242F0D0E8E0BCF1010F00F0E580B2
:107F000051F8040C0E6800220AE000BF3244521BF4
:107F1000B54228BF02449A422E4680F0D38000BF6B
:107F20000D68B542F2D10D68B542EFD10D68B5428A
:107F3000ECD10D68B542F3D0E8E700BF20F0030EA6
:107F4000002203E0043272453FF475AF51F8040C8F
:107F50000D68002408E000BF2C44A41BAE4228BFDB
:107F600004449C4235460DD20E68AE42F4D10E68F0
:107F7000AE42F1D10E68AE42EED10E68AE42F3D001
:107F8000EAE700BF51F8040C0D68002408E000BFC8
:107F90002C44A41BAE4228BF04449C4235460DD25B
:107FA0000E68AE42F4D10E68AE42F1D10E68AE4218
:107FB000EED10E68AE42F3D0EAE700BF51F8040CF0
:107FC0000D68002408E000BF2C44A41BAE4228BF6B
:107FD00004449C4235460DD20E68AE42F4D10E6880
:107FE000AE42F1D10E68AE42EED10E68AE42F3D091
:107FF000EAE700BF51F8040C0D6800240AE000BF56
:108000002C44A41BAE4228BF04449C423546BFF416
:1080100099AF00BF0E68AE42F2D10E68AE42EFD10A
:108020000E68AE42ECD10E68AE42F3D0E8E700BF76
:1080300020F00300002203E0043282423FF41DAF2F
:1080400051F8043C0B6800BF0E689E4208D10E68D0
:108050009E4205D10E689E4202D10E689E42F3D028
:1080600051F8043C0B6800BF0E689E4208D10E68B0
:108070009E4205D10E689E4202D10E689E42F3D008
:1080800051F8043C0B6800BF0E689E4208D10E6890
:108090009E4205D10E689E4202D10E689E42F3D0E8
:1080A00051F8043C0B6800BF0E689E42C4D10E68B4
:1080B0009E42C1D10E689E42BED10E689E42F3D050
:1080C000BAE700BFBCF1020F02D1BDE870407047B3
:1080D00051F8040C0E68002208E000BF3244521B25
:1080E000B54228BF02449A422E46EED20D68B542F0
:1080F000F4D10D68B542F1D10D68B542EED10D68ED
:10810000B542F3D0EAE7000010B50446C078032872
:1081100024D3A088012805D048B9A16C0120884744
:1081200005E000BFA16C002088470420E070A08813
:1081300040F6B832013081B29142A0800ED3E0788F
:1081400000210428A18018BF10BD42F6EC10C2F235
:108150000000FDF7F1FF4FF48070608010BD00005B
:10816000C278022A63D142788368C2EB02421A4481
:1081700000EE102A9FED861AB8EE400A80EE010A42
:108180009FED841A9FED842A8278531C5FFA83FC4A
:1081900000EB8202BCF1050F837020EE011A21EE84
:1081A000021A9FED7E2A21EE013A33EE022AB1EE49
:1081B000C22A80ED030A80ED041A82ED062A31D12D
:1081C00090ED062A90ED074A90ED085A90ED093A95
:1081D00090ED0A0AB4EE442AF1EE10FA80ED0B2A73
:1081E00080ED0C4A80ED0D5A80ED0E3A80ED0F0ABD
:1081F00020DDB0EE441A80ED0B4A80ED0C2AB4EE7F
:10820000452AF1EE10FA1EDCB0EE424AB0EE452AE5
:10821000B4EE432AF1EE10FA20DCB0EE425AB0EE92
:10822000432A21E04FF42F6181800321C170002097
:10823000704700BFB0EE421AB0EE442AB4EE452AB1
:10824000F1EE10FAE0DDB0EE454A80ED0C5A80ED1B
:108250000D2AB4EE432AF1EE10FADEDDB0EE435AF9
:1082600080ED0D3A80ED0E2AB4EE402AF1EE10FAC0
:10827000B4EE441AC6BF80ED0E0A80ED0F2AB0EEB0
:10828000420AF1EE10FA2BDDB0EE442A80ED0B4AE3
:1082900080ED0C1AB4EE451AF1EE10FA29DCB0EEBE
:1082A000414AB0EE451AB4EE401AF1EE10FA2BDC5A
:1082B000B0EE403AB0EE410AB4EE442AF1EE10FAC4
:1082C0002DDCB0EE421AB0EE442AB4EE402AF1EEB4
:1082D00010FA2FDCB0EE404AB0EE420A30E000BFA8
:1082E000B0EE412AB0EE441AB4EE451AF1EE10FA9F
:1082F000D5DDB0EE454A80ED0C5A80ED0D1AB4EE96
:10830000401AF1EE10FAD3DDB0EE413A80ED0D0ADD
:1083100080ED0E1AB4EE442AF1EE10FAD1DDB0EE83
:10832000441A80ED0B4A80ED0C2AB4EE402AF1EE9F
:1083300010FACFDDB0EE424A80ED0C0A80ED0D2A36
:10834000B4EE401AF1EE10FAC6BF80ED0B0A80EDD4
:108350000C1AB0EE401A34EE030A30EE010AB0EE09
:10836000081A80EE011A80ED100A9FED0D0A002216
:10837000428080ED051A31EE000AB2EE041A20EEBA
:10838000010ABDEEC00A10EE100A088001207047F5
:10839000809FD54B703D2E430000C842CDCC2CC0F1
:1083A000CDCC4C3DF0B581B00E4644211C4615465F
:1083B0000746F8F768FAC7E91165002C18BF0124D1
:1083C0003C7001B0F0BD000010B50446406C804721
:1083D000E17801280ED104291CD142F6EC10C2F23A
:1083E0000000016800224A626270FDF74FFE05201E
:1083F000E07010BD052918BF10BD42F6EC10C2F2A6
:1084000000000168496AA160FDF796FE0220E07055
:108410000020A08010BD000010B50446C0780528DB
:1084200010D160780130C1B20629607038BF10BD2C
:1084300042F6EC10C2F20000FDF77EFE4FF48070B1
:10844000C4F8020010BD000010B540F22C1CC2F2AE
:10845000000C9CF8001043F6D85EC2F2000E4C23CC
:1084600011FB03E0024612F8034F012C1CD89CF8C4
:10847000014014FB03E3DB78012B88BF10BD0078BB
:10848000012808D14C2011FB00E000238380A0F8D4
:10849000013003201070481C8CF80110C1B204395F
:1084A00018BF01468CF8001010BD000010B541F651
:1084B0007864C2F2000420464FF47C71F8F7E3F9C7
:1084C0000020214600F088FF214601F0EBF921460B
:1084D00001F0A0F8242838BF10BD00BFFEE700005F
:1084E00041F21000C4F202000068C0F3C0207047DF
:1084F00041F21000C4F202000068C0F3802070470F
:1085000041F21000C4F202000068C0F3402070473E
:1085100041F21000C4F202000068C0F3002070476E
:1085200041F21000C4F202000068C0B2C0097047F6
:108530002DE9F04F81B015461278002A42D08246CC
:108540005808DDF828800090F0201C460E46C3F144
:10855000F007A0EB530B0020D14606E02644D1469D
:10856000013500BF00202A7862B300281FFA89F085
:108570000CD0874226DBB1B28F4223DB2A4643462A
:10858000FAF7CCFF023509F11009EBE783453CBF50
:108590002644D146B1B28F4214DBD2B2802A05D92B
:1085A00001202A78002AE0D10CE000BF0D2AD5D0A6
:1085B0001FFA89F0234604F0B1F800980135814490
:1085C000D0E700BF01B0BDE8F08F000010B540F269
:1085D000A8640020C2F200041C213A222318215072
:1085E00000F59070B0F5B45FC3E90111C3E9031160
:1085F000C3E90511C3E90712C3E90922C3E90B2244
:10860000C3E90D22C3E90F21C3E91111C3E9131115
:10861000C3E91511C3E91711C3E91911C3E91B1106
:10862000C3E91D11C3E91F12C3E92122C3E92322B3
:10863000C3E92522C3E92721C3E92911C3E92B1185
:10864000C3E92D11C3E92F11C3E93111C3E9331176
:10865000C3E93511C3E93712C3E93922C3E93B2223
:10866000C3E93D22C3E93F21C3E94111C3E94311F5
:10867000C3E94511C3F81C11B0D104F5B450602111
:10868000F8F701F942F6A410C2F2000000212246D8
:108690004FF4B763BDE81040FEF786B810B584B05C
:1086A00042F29C3042F2000C01220021C2F2000092
:1086B000C4F2010C4FF480330124C0F60072039120
:1086C000047680F82010C0E90A21C46180F83040A7
:1086D000C0E900C3C0E90211C0E90444FBF7D8F9BE
:1086E000002818BFFAF794FE0F20CDE900040720F8
:1086F000029042F29C30C2F200006946FBF7DEF8BD
:10870000002818BFFAF784FE04B010BDB0B542F2DD
:10871000E43046F20041C2F20000C4F2000100233E
:108720004FF440144FF0012503224FF0007C4FF42A
:10873000002E80E80E50C0E905458383FBF728FE34
:10874000002808BFB0BDBDE8B040FAF761BE000028
:1087500010B542F20C4046F60001C2F20000C4F22D
:108760000001062200234FF0012480E80E0000F1F2
:108770000C014FF4002C4FF4401E81E80850846136
:108780008383FBF705FE002808BF10BDBDE810403D
:10879000FAF73EBE80B582B0002043F6300101906A
:1087A000C4F202010A6842F400120A600A6802F484
:1087B00000120192019A00900868002240F48000A3
:1087C00008600868002100F48000009000980C20E8
:1087D000FCF764FD0C20FCF74FFD0D20002100226A
:1087E000FCF75CFD0D20FCF747FD0E200021002268
:1087F000FCF754FD0E20FCF73FFD0F200021002266
:10880000FCF74CFD0F20FCF737FD10200021002263
:10881000FCF744FD1020FCF72FFD11200021002261
:10882000FCF73CFD1120FCF727FD2F200021002242
:10883000FCF734FD2F20FCF71FFD3820002100221B
:10884000FCF72CFD3820FCF717FD39200021002211
:10885000FCF724FD3920FCF70FFD3A20002100220F
:10886000FCF71CFD3A20FCF707FD44200021002204
:10887000FCF714FD4420FCF7FFFC452000210022FA
:10888000FCF70CFD4520FCF7F7FC462000210022F8
:10889000FCF704FD462002B0BDE88040FCF7ECBCCC
:1088A0002DE9F04F87B0002743F630000697019777
:1088B000C4F20200016840F6004841F01001016076
:1088C0000168C4F2020801F01001019101990197B9
:1088D000016808F5806541F004010160016800222B
:1088E00001F0040101910199019701684FF204061A
:1088F00041F080010160016801F08001019101995E
:108900000197016841F001010160016801F0010176
:10891000019101990197016841F00201016001682C
:1089200001F00201019101990197016841F00801EC
:10893000016000684FF2040100F008000190019806
:108940002846FCF719FCA8F54064204610210122B6
:108950004FF0010BFCF710FC204648F240010022CA
:10896000FCF70AFCA8F5806948464FF4887100229C
:10897000FCF702FCA8F5006A504601210122FCF731
:10898000FBFB40464FF470610022FCF7F5FB4046CC
:1089900018210122FCF7F0FBCDE9026B02AE28465C
:1089A0003146CDE90477FCF719FB40F6987002A92F
:1089B00081E8810828463146FCF710FB0720CDE905
:1089C0000207484631460497FCF708FB48F21000BE
:1089D000CDE9020B20463146CDE90477FCF7FEFADB
:1089E0004020CDE9020B032520463146049705952A
:1089F000FCF7F4FA1020CDE9020B48463146CDE9E8
:108A00000475FCF7EBFA50463146CDE902BBCDE9DF
:108A10000477FCF7E3FA4FF44040CDE902075046F3
:108A200031460497FCF7DAFA4FF47060CDE9020B97
:108A300040463146CDE90477FCF7D0FA4FF4704058
:108A400002904FF4441003900220049040463146B7
:108A5000FCF7C4FA4FF48070CDE9020B484631466A
:108A6000CDE90477FCF7BAFA182002901120CDE97D
:108A70000307404631460597FCF7B0FA282000214D
:108A80000022FCF70BFC2820FCF7F6FB07B0BDE842
:108A9000F08F000080B542F64C1043F20001C2F2A4
:108AA0000000C4F201014FF4827200234FF4007CF5
:108AB00080E80E000A21C0E90333C0E9053CC36128
:108AC000C0E90833C0E90A31FCF712FF002808BFEB
:108AD00080BDBDE88040FAF79BBC000070B59CB03B
:108AE0000024C4F2020442F6A4100021A4F580324E
:108AF000C2F20000012369261591CDE913111191ED
:108B0000CDE90F11CDE90D11CDE90B11CDE9091119
:108B1000CDE90711CDE90511CDE90311CDE9011129
:108B2000C0E90023C0E90216C0E904118161FDF724
:108B300001FA002818BFFAF76BFC4FF4805012902E
:108B400042F6A410C2F2000012A9FDF713FB0028A0
:108B500018BFFAF75DFC42F6A410C2F20000FDF760
:108B6000A9FD002818BFFAF753FC42F6A41000250F
:108B7000C2F2000010A9CDE91055FDF7B3F80028A6
:108B800018BFFAF745FC6020CDE9090542F6A410AC
:108B9000C2F2000009A90022CDE90B55CDE90D551F
:108BA0000F95FDF775FC002818BFFAF731FC42F667
:108BB000A4154FF40050C2F200050026069001A94A
:108BC00028460596CDE90366CDE901660896FDF7CE
:108BD00061F8002818BFFAF71BFC286840F600412E
:108BE000C4F20001884217961ED040F20041C4F240
:108BF000010188422CD00021C4F20101884245D1F4
:108C00000020169043F63000C4F20200016841F0E3
:108C100001010160006800F00100169016984FF401
:108C200080701790012027E00020169043F6300056
:108C3000C4F20200016841F001010160006800F027
:108C40000100169016980F201790022014E000BF24
:108C50000020169043F63000C4F20200016804F5CB
:108C6000806441F002010160006800F0020016908B
:108C70001698022017900320022118910021CDE9B7
:108C800019111B9017A92046FCF7A8F91CB070BD5C
:108C900080B586B042F6EC100021C2F200004FF021
:108CA000804202234FF6FF7C0591CDE90311CDE907
:108CB0000011C0E90023C0E9021C01618161FDF7D8
:108CC00039F9002818BFFAF7A3FB4FF4805002903F
:108CD00042F6EC10C2F2000002A9FDF74BFA0028A0
:108CE00018BFFAF795FB42F6EC10C2F20000694695
:108CF000FCF7F8FF002818BFFAF78AFB06B080BD22
:108D000080B586B042F6342040F600020021C2F25F
:108D10000000C4F20002012340F2A31C0591CDE93A
:108D20000311CDE90011C0E90023C0E9021C016173
:108D30008161FDF7FFF8002818BFFAF769FB4FF4CF
:108D40008050029042F63420C2F2000002A9FDF7E2
:108D500011FA002818BFFAF75BFB42F63420C2F282
:108D600000006946FCF7BEFF002818BFFAF750FB69
:108D700006B080BDB0B590B00024C4F2020442F643
:108D80007C200021A4F5FA32C2F200004FF6FF73F6
:108D9000CDE90811CDE90611CDE90411C0E90021A2
:108DA000C0E9021301618161FDF784FC002818BF4E
:108DB000FAF72EFB42F67C20C2F2000008A9FCF76D
:108DC00091FF002818BFFAF723FB602001900020D4
:108DD000CDE90200059042F67C20C2F2000001A914
:108DE0000022FDF755FB002818BFFAF711FB42F6E9
:108DF0007C20C2F2000001A90422FDF749FB0028F3
:108E000018BFFAF705FB42F67C20C2F2000001A968
:108E10000822FDF73DFB002818BFFAF7F9FA42F6E1
:108E20007C25C2F2000501A928460C22FDF730FB83
:108E3000002818BFFAF7ECFA286840F60042C4F29E
:108E40000002002190420B911ED040F20041C4F27A
:108E5000010188422AD00021C4F20101884243D195
:108E600000200A9043F63000C4F20200016841F08D
:108E700001010160006800F001000A900A984FF4B7
:108E800080700B90012025E043F630000A91C4F277
:108E90000200016841F001010160006800F001007A
:108EA0000A900A980F200B90022013E000200A90ED
:108EB00043F63000C4F20200016804F5806441F01A
:108EC00002010160006800F002000A900A98022086
:108ED0000B90032002210C910021CDE90D110F9080
:108EE0000BA92046FCF77AF810B0B0BDB0B598B029
:108EF0000024C4F2020442F6C4200021A4F57C42FE
:108F0000C2F20000022340F2CF751191CDE90F119A
:108F1000CDE90D11CDE90B11CDE90911CDE907110D
:108F2000CDE90511CDE90311CDE90111C0E9002317
:108F3000C0E90215C0E904118161FDF7BBFB0028FF
:108F400018BFFAF765FA42F6C420C2F2000010A971
:108F5000FCF7C8FE002818BFFAF75AFA60200990FB
:108F600042F6C4200025C2F2000009A90822CDE97A
:108F70000A55CDE90C55CDE90E55FDF789FA0028C3
:108F800018BFFAF745FA0595CDE90355CDE9015526
:108F9000089542F6C4254FF40050C2F20005069031
:108FA00001A92846FCF776FE002818BFFAF730FA28
:108FB000286840F60042C4F200020021904213915A
:108FC0001ED040F20041C4F2010188422AD00021A3
:108FD000C4F20101884243D10020129043F63000D0
:108FE000C4F20200016841F001010160006800F074
:108FF0000100129012984FF480701390012025E028
:1090000043F630001291C4F20200016841F0010100
:109010000160006800F00100129012980F20139078
:10902000022013E00020129043F63000C4F2020048
:10903000016804F5806441F002010160006800F0FD
:109040000200129012980220139003200221149122
:109050000021CDE91511179013A92046FBF7BEFF9B
:1090600018B0B0BD80B542F6D83044F60041C2F227
:109070000000C4F2000100234FF00C0C4FF4E13269
:1090800080E80E00C0E90333C0E905C3C361FEF701
:10909000CBF8002808BF80BDBDE88040FAF7B8B91A
:1090A00010B542F61C4045F2000CC2F20000C4F2BA
:1090B000000C4FF496424FF4805300214FF4C06EE1
:1090C0000824C0E900C2C0E90231C0E904E4C0E9F3
:1090D0000611FEF7A9F8002808BF10BDBDE8104032
:1090E000FAF796B980B542F60C3041F20001C2F2AF
:1090F0000000C4F2010144F2402200234FF00C0CA6
:10910000C0F20F0280E80E00C0E90333C0E905C3D6
:10911000C361FEF789F8002808BF80BDBDE8804024
:10912000FAF776B980B542F6503044F20041C2F207
:109130000000C4F2000100234FF00C0C4FF4E132A8
:1091400080E80E00C0E90333C0E905C3C361FEF740
:109150006BF8002808BF80BDBDE88040FAF758B919
:1091600080B542F6943044F60001C2F20000C4F229
:10917000000100234FF00C0C4FF4E13280E80E00A8
:10918000C0E90333C0E905C3C361FEF74DF8002809
:1091900008BF80BDBDE88040FAF73AB980B542F615
:1091A000604041F20041C2F20000C4F2010100231C
:1091B0004FF00C0C4FF4E13280E80E00C0E90333AD
:1091C000C0E905C3C361FEF72FF8002808BF80BDC2
:1091D000BDE88040FAF71CB9FEE70000FEE700009A
:1091E0000A46014643F20400C2F20000F8F71CBD33
:1091F000F8F732BE43F62000C2F2000090ED0C0AF0
:10920000BDEEC00A10EE100A7047000043F62000C1
:10921000C2F2000090ED0D0ABDEEC00A10EE100A79
:109220007047000000220270828082708160704767
:10923000C2B1012A0AD18278032A13D109780629FA
:1092400010D10021818004210BE000BF114411F8EE
:10925000012C0D2A04D011F8021C0D2918BF7047EB
:1092600006218170704700008268002A08BF70479D
:10927000B0B5044680780138082852D8DFE800F0FD
:1092800006121E5151512C38440000BF46F64C3096
:10929000C0F601000230022190470020A08001208A
:1092A0003CE000BF46F64C30C0F60100043002211D
:1092B000022590470020A080657030E0A088B0F5BE
:1092C000FA7F2ED30120207046F64C30C0F6010004
:1092D00002219047052023E046F64C30C0F60100FD
:1092E0000630022190470020A080072016E000BF32
:1092F00046F64C30C0F601000C30022190470020A9
:10930000A08008200AE000BF46F64C30C0F60100FD
:109310000830022190470020A080092060700320BF
:10932000A070A0880130A080BDE8B0407047000068
:10933000817831B18178052903D08178062918BF59
:10934000704701218170704710B50446826846F667
:109350004C30C0F60100022190470020A0706070E0
:1093600010BD0000C820FBF745FC40F2781040F229
:109370001041C2F20000C0F65C01C0F8221040F6B5
:10938000E801C184322006F09BF8FBE742F6181290
:10939000C2F200021268002A08BF7047B0B501E0AF
:1093A000D26AAAB11378C3EBC30300EB8303DB6A71
:1093B0008B42F5D1B2F80EC0B2F810E0D2E909350F
:1093C0004EEA0C44E31A2B44C2E90943E8E700BF24
:1093D000BDE8B040704700002DE9F04F95B042F66F
:1093E0001812C2F2000217688346002F00F0A9800D
:1093F00088464FF000094FF0010A00BF0BF1010051
:109400000D901FFA8BF0C0EBC00607F11400B97E77
:1094100087F800B007F11C02CDE908900820CDE9DB
:109420000A020C90CDE9001A0EA8012100220223A5
:109430000A2408EB8605CDE902AACDE90499CDF806
:109440001890079406F04AFE0EAB0FCB149C48F818
:109450002600DDE9120605F1040CC5E904060D98A5
:10946000AC6180B2C0EBC00608EB86058CE80E004C
:1094700005F81CAC0BF102000D90B87E07F10A0153
:10948000CDE90A9108210C91CDE900090EA8FF2130
:10949000002202230A24CDE90899CDE90299CDE9F9
:1094A0000499CDF818A0079406F018FE0EAB0FCB68
:1094B000149C48F82600DDE9120605F1040CC5E904
:1094C00004060D98AC6180B2C0EBC00608EB8605BF
:1094D0008CE80E0005F81CACB87EB91CCDE90891EB
:1094E0000821CDE90A19CDE900090EA801210022C1
:1094F00002230A240BF1030BCDF83090CDE9029A38
:10950000CDE904A9CDF818A0079406F0E7FD0EAB4D
:109510000FCB149C48F82600DDE9120605F1040C77
:10952000C5E904061FFA8BF0C0EBC00008EB800011
:109530008CE80E00AC6100F81CACFF6A002F7FF4D1
:109540005DAF1FFA8BF015B0BDE8F08FF0B581B0BC
:1095500042F61816C2F200060D463768302104465E
:10956000F7F791F94FF4FA40A5766080608187B1F2
:10957000A74215D0F86A60B1A04211D0C06A40B1CC
:10958000A0420DD0C06A20B1A04209D0C76A002F06
:10959000EED130683460E062012001B0F0BD00BF60
:1095A000002001B0F0BD000040894CF28011CFF6E0
:1095B000FF7101EB500000B2704700004FF4FA4316
:1095C000002203EB410342600029438018BF02815F
:1095D00070470000032A09D8DFE802F0020A1016DB
:1095E00000EBC1001A30008800B2704700B270472B
:1095F00000EBC1001C30008800B2704700EBC100D6
:109600001E30008800B2704700EBC1002030008897
:1096100000B270472DE9F04F95B042F62012C2F229
:10962000000217688346002F00F00A8189464FF038
:1096300000084FF0010A00BF0BF101000D901FFA66
:109640008BF0C0EBC005B87887F800B0791C082211
:1096500000900220CDE90881CDE90A210C92CDE9E4
:1096600001000EA80121002204230A2409EB85062B
:10967000CDE903A8CDE905A8079406F02FFD0EABB0
:109680000FCB149C49F82500DDE9120506F1040C06
:10969000C6E904050D98B46180B2C0EBC00509EBC2
:1096A00085068CE80E0006F81CAC0BF102000D904C
:1096B000B87807F10901082200900320CDE908815C
:1096C000CDE90A210C92CDE901000EA8012100226A
:1096D00004230A24CDE903A8CDE905A8079406F0E0
:1096E000FDFC0EAB0FCB149C49F82500DDE91205FB
:1096F00006F1040CC6E904050D98B46180B2C0EB14
:10970000C00509EB85068CE80E0006F81CAC0BF1D1
:1097100003000D90B87807F1120108220090042090
:10972000CDE90881CDE90A210C92CDE901000EA80E
:109730000121002204230A24CDE903A8CDE905A8CC
:10974000079406F0CBFC0EAB0FCB149C49F8250018
:10975000DDE9120506F1040CC6E904050D98B461B3
:1097600080B2C0EBC00509EB85068CE80E0006F858
:109770001CAC0BF104000D90B87807F11A01CDE98B
:109780000A810821009005200C91CDE901000EA866
:109790000121002204230A24CDE90888CDE903A889
:1097A000CDE9058A079406F099FC0EAB0FCB149C0B
:1097B00049F82500DDE9120506F1040CC6E90405A7
:1097C0000D98B46180B2C0EBC00509EB85068CE84A
:1097D0000E0006F81CACB87807F12201CDE90A8129
:1097E0000821009006200C91CDE901000EA801216E
:1097F000002204230A240BF1050BCDE90888CDE9EA
:1098000003A8CDE9058A079406F068FC0EAB0FCBE0
:10981000149C49F82500DDE9120506F1040CC6E99F
:1098200004051FFA8BF0C0EBC00009EB80008CE848
:109830000E00B46100F81CACFF6A002F7FF4FCAE90
:109840001FFA8BF015B0BDE8F08F0000F0B581B0C5
:1098500042F62016C2F200060D4637683021044653
:10986000F7F711F8A57087B1A74215D0F86A60B173
:10987000A04211D0C06A40B1A0420DD0C06A20B150
:10988000A04209D0C76A002FEED130683460E06290
:10989000012001B0F0BD00BF002001B0F0BD00000C
:1098A000807B70472DE9F04F95B042F61C12C2F252
:1098B000000217688246002F00F0AD804FF0000BC9
:1098C0000D9100BF1FFA8AF0C0EBC006F87887F848
:1098D00000A001EB8605B91C0422CDE9000B012094
:1098E000CDE908B1CDE90A210C92CDE9030BCDE910
:1098F000050B0EA80121002203230A240AF1010806
:10990000CDF808B0079406F0E9FBDDE90D400FAB98
:1099100044F82600DDE912060ECBC5E904061FFA5D
:1099200088F0149CC0EBC0090D9805F1040C8CE87C
:109930000E00AC6100EB8905012205F81C2CF878BB
:1099400007F10E01CDE90AB104210C91CDE9000B1C
:1099500006920EA8FF21002203230A260AF102081C
:10996000CDE908BBCDE902BBCDE904BB079606F003
:10997000B5FBDDE90D600FAB46F82900DDE9120605
:10998000149CC5E904061FFA88F0C0EBC0080D98C6
:109990000ECB05F1040CAC6100EB880501208CE8CE
:1099A0000E0005F81C0CF878B91DCDE90AB10821A4
:1099B000009001200C91CDE90100CDE905B00EA881
:1099C000FF21002203230A260AF1030ACDE908BB7E
:1099D000CDE903BB4FF00109079606F07FFBDDE9F7
:1099E0000D600FAB0ECB46F82800DDE9120669606A
:1099F0000D99C5E904061FFA8AF0149CC0EBC0005B
:109A000001EB8000C5E90223AC6100F81C9C7F6972
:109A1000002F7FF457AF1FFA8AF015B0BDE8F08F22
:109A20000146007802228A70F8F7F6BB80B542F64C
:109A30001C1CC2F2000CDCF800304FF0000EC0E934
:109A400000EEC0E902EEC0E904EEC170827383B19A
:109A5000834215D0596961B1814211D0496941B140
:109A600081420DD0496921B1814209D04B69002B57
:109A7000EED1DCF80010CCF800004161012080BD7F
:109A8000002080BDC07B70472DE9F04182B01E46AA
:109A900090460D460446FBF775FB301A00EB0807AD
:109AA000FBF770FB40F25801C2F200010968C1F3F4
:109AB000CB317943019121688A682A40AA4227D193
:109AC000064618F101001FD0FBF75CFB801BB84273
:109AD00022D2019801990028A1F101010191216888
:109AE000896808BF074601EA0500A842ECD00FE0EC
:109AF00088682840A8420BD188682840A84207D12E
:109B000088682840A84203D188682840A842EFD03E
:109B1000002002B0BDE8F081D4E900014268B1F54F
:109B2000827F22F0E00242600AD1A168B1F5004FC5
:109B300002D0B1F5806F03D1016821F040010160CE
:109B4000A16AB1F5005F07D1016821F400510160FD
:109B5000016841F400510160012084F851000020A7
:109B600084F85000032002B0BDE8F0812DE9F04FE9
:109B700083B040F2000BC4F2020B0BF500663046D6
:109B800010210122FBF7F8FA0A20FBF733F83046E0
:109B9000102100220025FBF7EFFA6420FBF72AF8DA
:109BA000304610210122FBF7E7FA6420FBF722F888
:109BB00046F2567A42F64C198024C0F6010AC2F2E7
:109BC00000090DF1030807E00AEB050090F82B40AF
:109BD0001635B5F5A57F3BD01AF8050040218DF864
:109BE000030058460022FBF7C7FA5846102100220E
:109BF000FBF7C2FA4846414601220423FBF708FF5F
:109C0000584610210122FBF7B7FA14F07F0717D04E
:109C10000AEB0500461C584640210122FBF7ACFA2E
:109C2000584610210022FBF7A7FABB0048463146F0
:109C30003A46FBF7EDFE584610210122FBF79CFA4D
:109C400060B2B0F1FF3FBFDC7820FAF7D3FFBBE78B
:109C50004AF27000CCF20000019036208DF80B0023
:109C6000584640210022FBF787FA5846102100226F
:109C7000FBF782FA42F64C15C2F200050DF10B011A
:109C8000284601220423FBF7C3FE58461021012277
:109C9000FBF772FA01A8461C584640210122FBF747
:109CA0006BFA584610210022FBF766FA2846314627
:109CB00001220423FBF7ACFE584610210122FBF7DA
:109CC0005BFA40F20800C2F20000008802F0DAFB02
:109CD00002F0D8FC002003B0BDE8F08F84B040F261
:109CE000781543F2040641F6186942F2AC2A40F2B4
:109CF000586848F20507C2F20005C2F2000644F2B5
:109D0000534BC2F20009C2F2000AC2F2000800BFBF
:109D10006869411C092869613BDB40F24C10C2F2C2
:109D2000000090ED000A0020686140F25010C2F27D
:109D3000000090ED001A40F25410C2F2000090EDC5
:109D4000002A40F25810C2F200000068BDEEC00ABE
:109D5000029041F6A85010EE103ABDEEC20ABDEED8
:109D6000C11AC2F20000402161A28DED001A8DEDF2
:109D7000010AF6F70DFC411E3E290AD841F6A8510A
:109D800082B23046C2F20001F7F74EFF052005F01F
:109D900097FB99F80E0099F83E2085F84A00DAF80A
:109DA0000A0099F8261085F84C20C5F84E00D8E92D
:109DB000012085F84B10DAF80E10C5F85600B8F8F7
:109DC0000C00C5F85210B8F80210A5F85A00D8F8DF
:109DD000100099F85630A5F85C10B8F80E10C5F8C8
:109DE0005E206866002205F14600A5F848B085F8B7
:109DF0004D30A5F86210A5F8682000BF10F8021FCA
:109E000082EA01210AB24B00002A48BF87EA4103D7
:109E100019B25A00002948BF87EA430211B2530021
:109E2000002948BF87EA420319B25A00002948BFF7
:109E300087EA430211B25300002948BF87EA420370
:109E400019B25A00002948BF87EA430211B25300F1
:109E5000002948BF87EA420319B2002901464FEAA8
:109E6000430211F8014F48BF87EA430282EA042205
:109E700013B25400002B48BF87EA420422B26300A9
:109E8000002A48BF87EA44031AB25C00002A48BF90
:109E900087EA430422B26300002A48BF87EA4403EA
:109EA0001AB25C00002A48BF87EA430422B263006A
:109EB000002A48BF87EA44031AB25C00002A48BF60
:109EC00087EA430423B26200002B05F1670348BF11
:109ED00087EA4402994291D1A5F8682005F148012A
:109EE00030462222F7F7A0FE282005F0E9FA0FE716
:109EF0007B22776865656C223A7B2278223A25645A
:109F00002C2279223A25642C227A223A25642C22AA
:109F100072223A25647D7D0A00000000F0B583B00E
:109F20004FF4DC7001F032FD78200090009840F290
:109F300000070130C2F2000703D0387800990844C6
:109F4000009005F0E9FA0146009899B305F0B8FAD7
:109F500040F25D1001F01AFD64200190019801307B
:109F600003D0387801990844019005F0D5FA0146EC
:109F70000198002968D005F0A3FA4FF4C47001F0ED
:109F800005FD782002900298013003D038780299BC
:109F90000844029005F0C0FA01460298002900F03A
:109FA0009D8005F08DFA002001F0F0FC002003B048
:109FB000F0BD00BF0028CBD040F21010C2F200006C
:109FC0000079002100284EF21800CEF2000009D0DE
:109FD00049F24002C0F202021AE000BF009A0131C9
:109FE0009142B5D250F8042C026800BF0368934236
:109FF000F4D103689342F1D103689342EED1036830
:10A000009342F3D0EAE700BF009B013199429FD20F
:10A0100050F8043C0668002408E000BF3444641B88
:10A02000B54228BF1C4494422E46EDD20568B54285
:10A03000F4D10568B542F1D10568B542EED10568A5
:10A04000B542F3D0EAE700BF002896D040F21010E6
:10A05000C2F200000079002100284EF21800CEF272
:10A0600000000AD049F24002C0F202021BE000BF29
:10A07000019A01319142BFF480AF50F8042C02687C
:10A0800003689342F4D103689342F1D10368934289
:10A09000EED103689342F3D0EAE700BF019B0131A0
:10A0A0009942BFF46AAF50F8043C0668002407E008
:10A0B0003444641BB54228BF1C4494422E46EDD262
:10A0C0000568B542F4D10568B542F1D10568B542DD
:10A0D000EED10568B542F3D0EAE700BF00283FF4AF
:10A0E00062AF40F21010C2F2000000790021002897
:10A0F0004EF21800CEF2000009D049F24002C0F240
:10A1000002021AE0029A01319142BFF44CAF50F8BA
:10A11000042C026803689342F4D103689342F1D19E
:10A1200003689342EED103689342F3D0EAE700BF9D
:10A13000029B01319942BFF436AF50F8043C0768E6
:10A14000002507E03D44AD1BBE4228BF1D4495429B
:10A150003746EDD20668BE42F4D10668BE42F1D160
:10A160000668BE42EED10668BE42F3D0EAE70000C0
:10A1700080B504F033FC05F0B7FA04F03DFC4EF274
:10A180001000CEF200000068C00348BFFBF710F8D3
:10A19000BDE8804000F050BCB0B592B0002443F65A
:10A1A0004000CDE90A44CDE908440594CDE90344D3
:10A1B000CDE901440094C4F202000168022541F097
:10A1C00080510160006800F080500090009847F2D4
:10A1D00000000094C4F20000016841F48041016075
:10A1E000006800F4804000900098012006904FF431
:10A1F000803007904FF480000D9008200E904FF4AF
:10A20000A870CDE90F050420119006A80C95FBF766
:10A2100097F928B1EFF3108072B600BFFEE700BFD8
:10A220000F20CDE901054FF4A05004904FF4805069
:10A23000059001A805210394FBF76CF820B1EFF31A
:10A24000108072B6FEE700BF12B0B0BD80B543F615
:10A250000400C4F20200416801F00C0242F2004125
:10A26000082AC0F2F40107D0042A21D141F20021CA
:10A27000C0F27A011CE000BFD0F800C00368026899
:10A2800003F03F03C2F3881E5FEA4C2241F2002232
:10A29000C0F27A0258BF0A46B2FBF3F10268022309
:10A2A000C2F301420EFB01F103EB4202B1FBF2F1FA
:10A2B00040F25802C2F200021160406841F24C23A1
:10A2C000C0F30310C0F60103185C21FA00F010601F
:10A2D00080BD00004EF68850CEF20000016841F4C7
:10A2E000700101607047000042F6EC10C2F20000FD
:10A2F000FCF714B842F63420C2F20000FCF70EB8A6
:10A3000042F67C20C2F20000FCF708B810B540F617
:10A31000FF3E0368C4F2000E40F2004C7045C4F2E8
:10A32000010C27DCB0F1804F31D040F20042C4F282
:10A33000000290422BD040F60002C4F2000290428C
:10A3400025D041F6FF72C4F20002904229DC70452C
:10A350003CDCB0F1804F5FD040F20042C4F200021A
:10A36000904259D040F60002C4F20002904253D00D
:10A3700056E000BF40F60042C4F20002904206D010
:10A38000604504D00022C4F201029042D9D14A684B
:10A3900023F07003134341F6FF72C4F200029042AF
:10A3A000D5DD43F6FF72C4F20102904222DC42F294
:10A3B0000002C4F2000290422ED00022C4F2010238
:10A3C000904229D0604527D02AE000BF40F60042E5
:10A3D000C4F2000290421FD041F60002C4F2000213
:10A3E000904219D041F60042C4F20002904213D0CC
:10A3F00016E000BF44F20002C4F2010290420BD00A
:10A4000044F60002C4F20102904205D044F2004238
:10A41000C4F20102904203D1CA6823F4407313438B
:10A4200023F080024B69D1F800E08C681A43026087
:10A43000C46240F48062C0F828E0624504BF096944
:10A4400001630121416110BD10B5846B616A8142D5
:10A4500012D0A16A814217D0E16A81421CD0216BDF
:10A46000814220D1C06908210028217704BF012042
:10A4700084F8410017E000BFC1690120002920775E
:10A4800008BF84F83E000EE0C0690221217750B970
:10A49000012084F83F0006E0C0690421217710B94B
:10A4A000012084F840002046FCF76EF90020207758
:10A4B00010BD000010B5846B616A81420AD0A16AA8
:10A4C000814209D0E16A814208D0216B814207D1E3
:10A4D000082004E0012002E0022000E004202077B0
:10A4E0002046FCF75FF90020207710BD10B5846B83
:10A4F000616A81420CD0A16A81420FD0E16A814237
:10A5000012D0216B814215D0012084F83D0016E065
:10A510000120207784F83E0011E000BF0220207760
:10A52000012084F83F000AE004202077012084F80D
:10A53000400004E008202077012084F841002046F4
:10A54000FBF7E8FE0020207710BD0000B0B582B018
:10A5500040F29054C2F20004204601210125FEF78A
:10A56000F5FF04F130000221FEF7F0FF04F1600076
:10A570000321FEF7EBFF04F190000421FEF7E6FF54
:10A5800041F6E850C2F200000121FFF75FF941F601
:10A590001864C2F2000420460121FF22FFF746FAA8
:10A5A00004F118000221FF22FFF740FA04F1300005
:10A5B0000321FF22FFF73AFA04F148000421FF22A9
:10A5C000FFF734FAF7F7C6FC43F204004BF285417B
:10A5D000C2F20000C0F600010022F7F76FFB43F261
:10A5E000D0004BF28941C2F20000C0F60001002207
:10A5F000F7F764FB43F29C104BF21571C2F20000B6
:10A60000C0F600010022F7F759FB43F234304BF655
:10A610006101C2F20000C0F600010022F7F74EFB14
:10A6200040F29C6049F2E111C2F20000C0F6000164
:10A63000FEF7F8FD43F6D854C2F2000443F2D131DC
:10A640004AF6C922C0F60001C0F6000220460123E6
:10A65000FDF7A8FE43F2E1314AF6E12204F14C0095
:10A66000C0F60001C0F600020123FDF79BFE43F295
:10A67000F1314AF6F92204F19800C0F60001C0F663
:10A6800000020123FDF78EFE43F201414AF611322A
:10A6900004F1E400C0F60001C0F600020123FDF75A
:10A6A00081FE43F27930C0F60000F8F78BFE4AF6DF
:10A6B0004D20C0F6000000F0FBF94AF67920C0F604
:10A6C000000000F0EFF94BF6B52114240BA0C0F602
:10A6D000000100224FF48063CDE9005404F0B0FD86
:10A6E00043F68C71C2F20001086020B104F056FFFD
:10A6F00004A004F08FF9002002B0B0BD636F6D6D4F
:10A70000000000007468726561645F636F6D6D20A6
:10A7100073746172747570210A0000002DE9F047AE
:10A7200082B040F2E41AC2F2000A0AF1300448F2A0
:10A73000E1414FF49667C0F60001204600224FF435
:10A740009673009703F0A0FC40F24428C2F2000880
:10A7500048F2F141C0F60001404600224FF49673E2
:10A76000009703F091FC08F1300648F20151C0F661
:10A770000001304600224FF49673009703F084FCEA
:10A7800040F2A429C2F2000948F21151C0F60001BA
:10A79000484600224FF49673009703F075FC09F1C8
:10A7A000300548F22151C0F60001284600224FF43E
:10A7B0009673009703F068FC4BF21927C0F6000768
:10A7C000204600213A4603F08BFB204602213A4600
:10A7D00003F086FB204603213A4603F081FB4BF24F
:10A7E000F922C0F600024046002103F079FB4BF24B
:10A7F0003937C0F60007304600213A4603F070FBB7
:10A80000304602213A4603F06BFB304603213A46BC
:10A8100003F066FB4BF2C137C0F600074846002143
:10A820003A4603F05DFB484602213A4603F058FBE6
:10A83000484603213A4603F053FB4BF24D42C0F623
:10A8400000022846002103F04BFB204603F040FCA9
:10A85000404603F03DFC304603F03AFC484603F026
:10A8600037FC284603F034FC4CF23D111427102627
:10A870000AA0C0F6000100224FF40073CDE9006782
:10A8800004F0DEFCCAF8080020B104F087FE04A042
:10A8900004F0C0F8002002B0BDE8F08767756900D9
:10A8A0007468726561645F6775692073746172743E
:10A8B0007570210A0000000080B54FF6ED70C0F6FB
:10A8C000000004F09BFD08B1002080BD02A004F050
:10A8D000A1F8002080BD00BF7468726561645F6C80
:10A8E00065642073746172747570210A0000000041
:10A8F00070B582B023A004F08DF849F6DD4114252F
:10A900000F2426A0C0F6000100224FF48063CDE999
:10A91000004504F095FC40F27816C2F20006B060E3
:10A9200020B104F03BFE20A004F074F842F2412173
:10A930000E2424A0C0F6000100224FF40073CDE9DC
:10A94000004504F07DFCF06020B104F027FE20A05B
:10A9500004F060F849F2653114250D2423A0C0F6F7
:10A96000000100224FF40073CDE9004504F068FCBB
:10A97000306120B104F012FE1FA004F04BF800205B
:10A9800002B070BD6D756172743320696E6974694F
:10A99000616C697A6564210A0000000053656E737A
:10A9A0006F724461746100007468726561645F5322
:10A9B000656E736F72446174612073746172747533
:10A9C00070210A00434646436F6D6D616E6400005E
:10A9D0007468726561645F5A4454436F6D6D616E53
:10A9E000642073746172747570210A0041524D4382
:10A9F0006F6D6D616E6400007468726561645F41C3
:10AA0000524D436F6D6D616E642073746172747525
:10AA100070210A00121805D381420BD28A4209D84C
:10AA20000120704781424FF0010028BF8A4201D8BF
:10AA3000704700BF0020704740F22E10C2F20000A5
:10AA4000418801314180FDF7FFBC000010B543F69D
:10AA5000D854C2F200042046FDF756FB04F14C0026
:10AA6000FDF752FB04F19800FDF74EFB04F1E40002
:10AA7000BDE81040FDF748BB10B543F6D854C2F20C
:10AA800000042046FDF7C8FC04F14C00FDF7C4FCAF
:10AA900004F19800FDF7C0FC04F1E400BDE81040AB
:10AAA000FDF7BABC40F22411C2F2000148607047C1
:10AAB000014640F2241242F63420C2F20002C2F2F1
:10AAC00000001160FBF7E2BA0246002840F60040A1
:10AAD000C4F202004FF4807118BF0122FAF74CBB98
:10AAE0000246002840F60040C4F202004FF4007114
:10AAF00018BF0122FAF740BB0246002840F600408A
:10AB0000C4F202004FF4806118BF0122FAF734BB8F
:10AB10000246002840F60040C4F202004FF40061F3
:10AB200018BF0122FAF728BB10B582B042F6D8341C
:10AB3000C2F200042046FCF7C9F820680168C90683
:10AB40005CBF02B010BD0021019101680191406815
:10AB50000190019842F6D830C2F2000002B0BDE880
:10AB60001040FCF7FFBE000042F61C40C2F200009D
:10AB7000FCF7ACB8806B0021C185C184FCF7A4B898
:10AB8000806B01684A6990F83D30212B2DD112F07D
:10AB900080022AD00021C184016851E8031F0268A5
:10ABA00021F0C00142E80313DBB1016851E8031F43
:10ABB000026821F0C00142E8031393B1016851E833
:10ABC000031F026821F0C00142E803134BB1016882
:10ABD00051E8031F026821F0C00142E80313002B73
:10ABE000DAD1202180F83D100168496990F83E20B3
:10ABF000222A40F07D8011F0400179D00021C185EA
:10AC0000016851E8031F026821F4907142E80313C0
:10AC1000BBB3016851E8031F026821F4907142E858
:10AC2000031373B3016851E8031F026821F49071A4
:10AC300042E803132BB3016851E8031F026821F4B3
:10AC4000907142E80313002BDAD11AE0016851E851
:10AC5000051F026821F0010142E80513DBB101681C
:10AC600051E8051F026821F0010142E8051393B184
:10AC7000016851E8051F026821F0010142E805134F
:10AC80004BB1016851E8051F026821F0010142E85B
:10AC90000513002BDAD1016B012924D1016851E899
:10ACA000031F026821F0100142E80313DBB10168C1
:10ACB00051E8031F026821F0100142E8031393B129
:10ACC000016851E8031F026821F0100142E80313F4
:10ACD0004BB1016851E8031F026821F0100142E8FE
:10ACE0000313002BDAD1202180F83E1000210163EC
:10ACF000016C41F010010164FBF7E6BF0168806B55
:10AD00000968C90500F19F800021C185016851E8EB
:10AD1000031F026821F4807142E80313E3B1016864
:10AD200051E8031F026821F4807142E803139BB1CC
:10AD3000016851E8031F026821F4807142E803139F
:10AD400053B1016851E8031F026821F4807142E8A1
:10AD50000313002BDAD100BF016851E8051F026818
:10AD600021F0010142E80513BBB3016851E8051F5A
:10AD7000026821F0010142E8051373B3016851E84C
:10AD8000051F026821F0010142E805132BB3016899
:10AD900051E8051F026821F0010142E80513002B6C
:10ADA000DAD11AE0016851E8051F026821F040017C
:10ADB00042E80513DBB1016851E8051F026821F084
:10ADC000400142E8051393B1016851E8051F02688C
:10ADD00021F0400142E805134BB1016851E8051F1D
:10ADE000026821F0400142E80513002BDAD120214E
:10ADF00080F83E10016B012925D100BF016851E8A0
:10AE0000031F026821F0100142E80313DBB101685F
:10AE100051E8031F026821F0100142E8031393B1C7
:10AE2000016851E8031F026821F0100142E8031392
:10AE30004BB1016851E8031F026821F0100142E89C
:10AE40000313002BDAD1016B012918BFFCF78ABD6F
:10AE5000818DFBF77FBE0000806B016B012918BF5D
:10AE6000FCF7DEBD818D4908FBF774BE0168806B7D
:10AE70000968C90548BFFCF77BBF0021C18400BF3A
:10AE8000016851E8051F026821F0800142E80513BE
:10AE900083B3016851E8051F026821F0800142E890
:10AEA00005133BB3016851E8051F026821F08001DA
:10AEB00042E80513F3B1016851E8051F026821F06B
:10AEC000800142E80513002BDAD113E0016851E854
:10AED000031F026841F0400142E80313002B08BF42
:10AEE0007047016851E8031F026841F0400142E8E1
:10AEF000031393B1016851E8031F026841F0400158
:10AF000042E803134BB1016851E8031F026841F0A6
:10AF1000400142E80313002BD8D17047806BFCF747
:10AF200071BF000081B090F83E10222921D18368C2
:10AF30000246B3F5805F09D152F8281F52F8183C39
:10AF4000002B63D003685B680AE000BF52F8281F3B
:10AF500013B90369002BF5D003685B6803F07F0326
:10AF60000B70116801311160C18D01390A04C1856E
:10AF700002D001B0704700BF0168CA6822F0200209
:10AF8000CA60CA6822F48072CA604A6922F001026B
:10AF90004A61202180F83E10016B01293ED1002139
:10AFA000016300BF016851E8031F026821F010012E
:10AFB00042E80313DBB1016851E8031F026821F086
:10AFC000100142E8031393B1016851E8031F0268BE
:10AFD00021F0100142E803134BB1016851E8031F4F
:10AFE000026821F0100142E80313002BDAD1016856
:10AFF0000A68D20606D5002200920A6800924968C3
:10B0000000910099818D01B0FBF7A4BD02685268E0
:10B010006FF35F2221F8022B8162A5E701B0FCF7F4
:10B02000A1BC000010B504460068D4E902C223693F
:10B03000016921F4405111430161626943EA0C0145
:10B04000E3691143C268194349F20C639A431143FF
:10B05000C1604169A26921F4407141F2004311438A
:10B0600040F48062C4F201039A42416102D1FAF7CE
:10B070001DFA01E0FAF706FAE16963681922B1F5F1
:10B08000004FA0FB020123D15A00DB0FF5F708FAAD
:10B0900048F21F51C5F2EB11A0FB01235A094FF6EC
:10B0A0009C73C0F6FF7303F1805302FB030032234D
:10B0B00003EBC000A0FB01014FF4F87000EA11108F
:10B0C00000EB0210C1F3421108442168886010BDF2
:10B0D0009A009B0FF5F7E4F948F21F51C5F2EB1106
:10B0E000A0FB01235A094FF69C73C0F6FF7302FBC5
:10B0F0000300322303EB0010A0FB0101F02000EA63
:10B10000511000EB0210C1F343110844216888601C
:10B1100010BD000010B582B042F60C34C2F200043B
:10B120002046FBF7D3FD20680168C9065CBF02B06A
:10B1300010BD0021019101680191406801900198C2
:10B1400042F60C30C2F2000002B0BDE81040FCF73D
:10B1500009BC000010B582B042F65034C2F20004BF
:10B160002046FBF7B3FD20680168C9065CBF02B04A
:10B1700010BD002101910168019140680190019882
:10B1800042F65030C2F2000002B0BDE81040FCF7B9
:10B19000E9BB000010B582B042F69434C2F200045C
:10B1A0002046FBF793FD20680168C9065CBF02B02A
:10B1B00010BD002101910168019140680190019842
:10B1C00042F69430C2F2000002B0BDE81040FCF735
:10B1D000C9BB000010B582B042F66044C2F2000460
:10B1E0002046FBF773FD20680168C9065CBF02B00A
:10B1F00010BD002101910168019140680190019802
:10B2000042F66040C2F2000002B0BDE81040FCF718
:10B21000A9BB0000FEE700008078012834D0082890
:10B220000ED004280AD140F2E410C2F200004069B6
:10B2300042F69161C0F6000188424BD0704700BFD2
:10B2400040F2E410C2F20000416942F69162C0F699
:10B2500000029142F2D181780129EFD140F2100130
:10B26000C2F20001497842789142E7D1017806297B
:10B27000E4D8013101700021817042F2D171C0F631
:10B2800000014161704700BF40F2E410C2F20000CB
:10B29000426942F69161C0F600018A42CED042F284
:10B2A000D171C0F600018A42C8D08278012AC5D186
:10B2B00040F21002C2F20002527843789A42BDD1A5
:10B2C0000278062A88BF704701320270002282701D
:10B2D0004161704741F68850C2F20000807828B181
:10B2E00041F68850C2F20000FEF72EB841F68850B1
:10B2F000C2F20000FEF71CB8807801281BD140F292
:10B30000E410C2F200008178012914D140F210014A
:10B31000C2F200014978427891420CD101780229A9
:10B3200038BF7047013901700021817042F2D1713C
:10B33000C0F60001416170478078082814D00428C5
:10B3400010D140F2E410C2F20000416942F64D22F1
:10B35000C0F60002914223D043F2AD02C0F60002D3
:10B3600091421DD0704700BF40F2E410C2F20000CD
:10B37000416942F64D22C0F600029142F2D1417875
:10B3800047F6EC42042924BF0321417000EB410041
:10B39000B0F92010914289B20ADC1431018470475F
:10B3A000417802299EBF013141707047DAE700BF42
:10B3B000090A7C2988BF70474FF4FA41018470471D
:10B3C0008078082814D0042810D140F2E410C2F28A
:10B3D0000000416942F64D22C0F60002914225D09C
:10B3E00043F2AD02C0F6000291421FD0704700BF89
:10B3F00040F2E410C2F20000416942F64D22C0F66C
:10B4000000029142F2D1417848F21432042924BF5B
:10B410000321417000EB4100B0F92010CFF6FF721C
:10B42000914289B20ADB14390184704741780029BE
:10B430001EBF013941707047D8E700BFB1F5034F17
:10B4400098BF70474FF4034101847047807801280A
:10B4500016D140F2E410C2F20000416943F2AD029D
:10B46000C0F60002914218BF70474078032807D801
:10B4700041F23C21C0F6010151F82000FEF7D0BA9C
:10B480007047000004F0F4BBB0B50446A1F10B0016
:10B4900040F258651628C2F2000500F29B80012197
:10B4A00001FA00F040F60101C0F24001084200F04C
:10B4B00091802078552829D120460A2100F0B0FA41
:10B4C000A17A884222D1607853280DD0522813D017
:10B4D00051281BD16088A1886880A980E0882189D3
:10B4E000E880A98201200EE06088E881A088288297
:10B4F000E0886882042006E060882881A08868814E
:10B50000E088A8810220297808432870204610F896
:10B510000B1F55292FD10A2100F082FA617D884244
:10B5200029D1207B51280FD0522819D0532822D15D
:10B53000B4F80D00E881B4F80F002882B4F81100C7
:10B540006882042014E000BFB4F80D00B4F81310B2
:10B550006880D4F80F00A9826860012008E000BF6D
:10B56000B4F80D00D4F80F102881C5F80A10022095
:10B57000297808432870204610F8161F552929D12C
:10B580000A2100F04DFA94F82010884222D1E07D83
:10B5900051280BD0522813D053281BD1208BD4F81C
:10B5A0001A10E8812961042011E000BF208BE18B93
:10B5B0006880D4F81A00A9826860012007E000BF03
:10B5C000208BD4F81A102881C5F80A100220297897
:10B5D000084328702878C1073AD0B5F914109FEDB8
:10B5E000491A00EE101AB8EEC00A80EE010A9FED6B
:10B5F000461AB5F902109FED452AB5F90420B5F9B0
:10B60000063000F0FE00287030EE010A85ED060AD3
:10B6100000EE101AB8EEC00AB3EE001A20EE010ACE
:10B6200020EE020A85ED070A00EE102AB8EEC00AE5
:10B6300020EE010A20EE020A85ED080A00EE103A1B
:10B64000B8EEC00A20EE010A20EE020A85ED090AD2
:10B6500081072AD5B5F90810B5F90A20B5F90C30DB
:10B6600000EE101A9FED2A1A03EE102A04EE103A8B
:10B67000B8EEC00A9FED252AB8EEC33AB8EEC44A28
:10B6800020EE010A23EE013A24EE011A20EE020A0E
:10B6900023EE023A21EE021A00F0FD0085ED0A0ABF
:10B6A00085ED0B3A85ED0C1A2870410758BFB0BDE7
:10B6B000B5F90E10B5F91020B424B5F91230614374
:10B6C00000EE101A02FB04F102EE101A03FB04F163
:10B6D0009FED0E1A03EE101AB8EEC00AB8EEC22A99
:10B6E000B8EEC33A20EE010A22EE012A23EE011A37
:10B6F00000F0FB0085ED0D0A85ED0E2A85ED0F1A91
:10B700002870B0BD0000AA43B81E124200000038E5
:10B710000000FA44F0B581B040F248170446002911
:10B72000C2F200074AD07B78B878D7F810C0002260
:10B7300006E000BF00237B700132D6B28E423DD2BC
:10B74000DDB2042DF6D8D3B2E35CDFE805F00309DF
:10B75000111B21000D3BB3FA83F35B09EBE700BF3C
:10B760000D2B25D00A2BE5D10020B8700223E2E78B
:10B7700057FA80F601303376C3B2182BB87019D25D
:10B780000223D9E70A3BB3FA83F35B099B00D2E7B4
:10B790000D2BCFD1D7E90936BD69C7E90136BCF118
:10B7A000000FFD6004BF4FF0010CC7F810C0C1E7E7
:10B7B0000123C1E70020B8700323BCE724A1204681
:10B7C000F4F776FFB0B34279A2F1300109293BD8F2
:10B7D00006300021037801EB810102EB4101A3F166
:10B7E0003002092AA1F1300121D8427801EB810110
:10B7F00003EB4101A2F13003092BA1F1300116D86E
:10B80000837801EB810102EB4101A3F13002092AA7
:10B81000A1F130010BD8C27801EB810103EB4101AA
:10B82000A2F1300330390A2B00F10400D2D3796140
:10B8300001B0F0BD08A12046F4F73AFF00281CBF74
:10B840000120387001B0F0BD0021796101B0F0BD78
:10B850007374617274000000636865636B000000BC
:10B86000B0B541F688550446C2F200050A4628469E
:10B870002146FDF7DDFCA878062818BFB0BD41F6CB
:10B88000945021786278C2F20000017042702179F0
:10B890006279A378E57801714271A179E2798171C9
:10B8A000C271217A627A01724272A17AE27A81725D
:10B8B000C272217B627B01734273A17BE27B817345
:10B8C000C273217C627C01744274A17CE27C83702F
:10B8D000C5708174C27442F21130C2F200000121BD
:10B8E0000170B0BD002804BF00207047C1B209B18B
:10B8F00001200CE010F47F4102D0090A092006E083
:10B9000010F47F0107BF010E1920090C112041F22C
:10B910008422C0F60102515C0844704710B582B021
:10B9200042F61C441820C2F200048DF806000DF106
:10B930000601204601224FF6FF73FCF773F83D2005
:10B940008DF807000DF10701204601224FF6FF7325
:10B95000FCF768F802B010BD70B582B042F61C4624
:10B9600005460820C2F200060C468DF807000DF1CE
:10B970000701304601224FF6FF73FCF753F83046BB
:10B9800029462246FCF792F902B070BDB0B586B0E8
:10B99000054644F621604BF25921281ACFF6FF7173
:10B9A00040F200448842C4F2020419D842F6C4208E
:10B9B000C2F200000821FAF773FA02210020019177
:10B9C00001210590CDE90211049001A92046F9F763
:10B9D00005FB204602210022F9F7CEFB06B0B0BDE0
:10B9E0000220CDE901000020CDE9030003200590ED
:10B9F00001A92046F9F7F2FA49F68070C0F2D500A5
:10BA0000B0FBF5F142F6C420C2F200000268D16238
:10BA1000C1604908D1630821FAF7C2F906B0B0BD88
:10BA200051B1042901F0030C0AD200220021BCF11B
:10BA3000000F23D1C8B270470021C8B2704700BFC1
:10BA4000F0B501F0FC01C1F1000E421C00216FF0C5
:10BA5000030300BFD418E578267967792944A479CF
:10BA60003144043339440EEB030504352144F1D14C
:10BA70001A1DBDE8F040BCF1000FDBD0835CBCF1C7
:10BA8000010F1944D6D010444278BCF1020F114482
:10BA90001CBF80780144C8B27047000080B501F037
:10BAA000E5FB002080BD000080B501F06BFE0020AA
:10BAB00080BD000041F6885440F29C65C2F200044B
:10BAC000C2F20005F6F754FA2046FDF7CDFB2846F2
:10BAD000FDF7CAFBF5F7BCFF0020F9F78BF8F1E79B
:10BAE000C168C1B1EFF3108172B6C26892B141680A
:10BAF0000369013A8B4284BF0368036113F8011B99
:10BB0000D0F808C003610CF101038360C2600846ED
:10BB100062B6704762B6002070470000034688187E
:10BB200001384FF0000CC3E900100020C3E9022CDB
:10BB300019615961704700002DE9F04381B039B3B4
:10BB40000546806850B30E46EFF3108072B6A968C0
:10BB500051B3A94659F8140F144659F8102C9042C5
:10BB600084BF28686861A142B8BF0C46111A4F1CF7
:10BB7000BC421FDD31463A46A4EB0708F4F714FE39
:10BB80002868F1194246F4F70FFEA94617E000BFF6
:10BB90004FF0FF34204601B0BDE8F083002420467A
:10BBA00001B0BDE8F08300BF62B60024204601B0BA
:10BBB000BDE8F08331462246F4F7F6FDA046D9F8F9
:10BBC0000000D5E9021240446861081B1119C5E95B
:10BBD000020162B6204601B0BDE8F083C06870473C
:10BBE00070B582B042F2083047F29801C2F200000C
:10BBF000C0F60101016042F20C3047F27011C2F24E
:10BC00000000C0F6010101600120782102F07CFBF8
:10BC100043F68876C2F20006306018B30A20152178
:10BC2000CDE900104BF69D4112A0C0F600010022A4
:10BC30004FF48063002403F003FB326805460FA134
:10BC400010460022002303F029F9306890F82110F3
:10BC500041F0020180F821104DB1284603F09EFC0E
:10BC6000002404E007A002F0D5FE4FF0FF34204688
:10BC700002B070BD747368656C6C00007368727894
:10BC8000000000006E6F206D656D6F727920666F29
:10BC900072207368656C6C0A0000000043F6887AB5
:10BCA000C2F2000ADAF8000042F2143490F82110CF
:10BCB00042F2983741F0010280F821208807C2F251
:10BCC0000004C2F2000702D40020207023E039688B
:10BCD00039B142F21430C2F200008022F4F7FAFDCA
:10BCE00019E002F0FBF830B10020207147F26D300E
:10BCF000C2F2680009E046F67300C0F22000C4F802
:10BD0000030046F66610C7F26E3020602046F4F756
:10BD1000E1FC3E212152204602F07CFE46F6316BCA
:10BD20004FF001080026C0F6010B01E080F82080EA
:10BD300002F00AFC8146DAF80000B9F11B0FF5D0D9
:10BD400090F8201002290AD0012940F07480B9F13E
:10BD50005B0F40F06E80022180F82010E8E7A9F127
:10BD60004101022980F82060E2D3B9F1440F00F2CA
:10BD70008F80DFE819F0450094009400940094004F
:10BD8000940094009400D20018016D009400940077
:10BD90006D0094009400940094009400940094002A
:10BDA00094009400940094009400940094009400F3
:10BDB00094009400940094009400940094009400E3
:10BDC00094009400940094009400940094009400D3
:10BDD00094009400940094009400940094009400C3
:10BDE00094009400940094009400940094009400B3
:10BDF0009400940094009400940094004600840100
:10BE000096E7B0F87410B0F872209142BFF490AF8A
:10BE1000084490F8221046F63F60C0F6010002F098
:10BE2000F9FDDAF80000B0F874100131A0F87410D0
:10BE30007EE780F82060B9F10D0F29D8DFE809F01E
:10BE4000072F2F2F2F2F2F2F6DB3082F2F086FE7BE
:10BE500002F044F8012812D1DAF8000090F821002D
:10BE6000C00705D046F6CD50C0F6010002F0D2FD65
:10BE7000DAF80000B0F87210223001F0DBFEDAF8D8
:10BE8000000090F82100800700F1B58026701FE1C6
:10BE9000B9F17F0F41D0B9F1FF0F3FF449AFB0F8CE
:10BEA0007210502928BFA0F87260B0F87430B0F852
:10BEB0007220934280F0A680C11801F12300223144
:10BEC000D21A02F063FEDAF80000B0F874100844E9
:10BED00080F82290DAF8000090F82110C90707D006
:10BEE000B0F87410084400F1220193A002F092FD12
:10BEF000DAF80000B0F87450B0F87200854280F0B3
:10BF0000918000BF584602F085FDDAF80000013547
:10BF1000B0F872008542F5D384E0B0F874100029BF
:10BF20003FF406AFB0F872204D1E531E9AB2A0F82F
:10BF30007230ABB29A42A0F8745040F28580264627
:10BF40003C4600F1220717FA85F03944D21A2746F9
:10BF50003446002602F01AFEDAF80000B0F872103B
:10BF6000084480F82260DAF80000B0F87410084441
:10BF700000F122016CA002F04DFDDAF80010B1F8DA
:10BF80007400B1F8721088423FF6D2AE451E00BF71
:10BF9000584602F03FFDDAF800000135B0F87200B3
:10BFA0008542F5D3C4E6DAF80000B0F8741059B150
:10BFB000002500BF584602F02DFDDAF800000135DB
:10BFC000B0F874108D42F5D300F1220546F6CD503D
:10BFD000C0F6010002F01EFD01F080FF012802D131
:10BFE000284601F089FDDAF8000090F8210080076A
:10BFF00035D4267086E03968C1B320468022F4F734
:10C0000069FC65E0104480F82290DAF8000090F8AE
:10C010002100C00706D046F63F60C0F60100494641
:10C0200002F0F8FCDAF80000B0F87210B0F87420F2
:10C030000131A0F8721089B201325029A0F87420A1
:10C0400028BFC0F8726073E636A002F0E3FCDAF8AD
:10C050000000B0F87210084480F8226068E6396881
:10C06000E9B120468022F4F735FC4BE001F036FFC1
:10C07000F0B147F26D302671C2F2680022E0B0F8EC
:10C08000740000283FF454AE584602F0C3FCDAF8BE
:10C090000000B0F874100139A0F8741048E601F0FF
:10C0A0001DFFF8B147F26D302671C2F2680023E03F
:10C0B00046F67300C0F22000C4F8030046F666108E
:10C0C000C7F26E3020602046F4F704FB3E21215277
:10C0D000204602F09FFCDAF8000054212230F4F7E9
:10C0E000B0FB25E646F67300C0F22000C4F803005A
:10C0F00046F66610C7F26E3020602046F4F7EAFA82
:10C100003E2121520AA021462A4602F083FCDAF899
:10C11000005005F12200F4F7DDFAA5F87200A5F849
:10C12000740005E608200800082573202008000098
:10C130002573257300000000257300008AB040F2CB
:10C14000E418C2F200080020A8F8000040F210092C
:10C1500088F8020042F2D170C2F20009C0F6000075
:10C16000C8F8140009F12000079043F6D850FF21C9
:10C17000C2F2000089F8011000F14C01069109F1AA
:10C180002201059100F19801E430029009F12600A6
:10C19000019040F29050049109F12401C2F2000094
:10C1A000039100F1300141F6186B41F6E855099111
:10C1B00000F1600100F1900AC2F2000BC2F200052A
:10C1C000089100BF43F6D8500799C2F20000FBF770
:10C1D000C7FFDDE90510FBF7C3FFDDE90310FBF73F
:10C1E000BFFFDDE90110FBF7BBFFD8F8140042F6F2
:10C1F0004D21C0F60001884216D1B8F9201040F256
:10C200009050C2F20000FDF7D9F9B8F92210099850
:10C21000FDF7D4F9B8F924100898FDF7CFF9B8F96B
:10C2200026105046FDF7CAF940F29050C2F20000C5
:10C23000FDF7BAF9A8F828000998FDF7B5F9A8F8AC
:10C240002A000898FDF7B0F9A8F82C005046FDF731
:10C25000ABF9A8F82E005846FDF722FB0BF11804A5
:10C2600088F810002046FDF71BFB0BF1300688F81C
:10C2700011003046FDF714FB0BF1480788F8120057
:10C280003846FDF70DFB88F813005846FDF7FAFB1A
:10C2900088F80C002046FDF7F5FB88F80D003046C5
:10C2A000FDF7F0FB88F80E003846FDF7EBFB88F849
:10C2B0000F00284600210022FDF78CF9A9F828007C
:10C2C000284600210122FDF785F9A9F82A00284611
:10C2D00000210222FDF77EF9A9F82C002846002152
:10C2E0000322FDF777F9A9F82E0028460121002244
:10C2F000FDF770F9A9F83000284601210122FDF769
:10C3000069F9A9F8320001F007FF0920F8F772FC7B
:10C31000D8E905010A310028C8F818103FF452AFD7
:10C3200080474FE780B502A002F074FB002080BD7B
:10C3300048656C6C6F2052542D546872656164219D
:10C340000A0000002DE9F04782B0002400F15006F9
:10C350002A20C4F202040F4602F150058DF80500B0
:10C360002046402100229A46F8F706FF2046102179
:10C370000022F8F701FF42F64C19C2F200090DF154
:10C380000501484601220423F9F742FB204610210B
:10C390000122F8F7F1FE300A8DF80100280A8DF825
:10C3A00003002046402101228DF802608DF80450E0
:10C3B000F8F7E2FE204610210022F8F7DDFE0DF12D
:10C3C00001084846414604221023F9F721FB204684
:10C3D00010210122F8F7D0FE2B208DF80600204610
:10C3E00040210022F8F7C8FE204610210022F8F76D
:10C3F000C3FE0DF10601484601220423F9F708FBAC
:10C40000204610210122F8F7B7FE380A8DF8010006
:10C410004FEA1A208DF803002046402101228DF8B2
:10C4200002708DF804A0F8F7A7FE20461021002224
:10C43000F8F7A2FE4846414604221023F9F7E8FA2D
:10C44000204610210122F8F797FE2C208DF80700D6
:10C45000204640210022F8F78FFE204610210022BE
:10C46000F8F78AFE0DF10701484601220423F9F787
:10C47000CFFA204610210122F8F77EFE02B0BDE877
:10C48000F08700002DE9F04182B040BA40F2000888
:10C49000ADF8060000200021EF22EF23C4F20208CD
:10C4A000FFF750FF404640210122F8F765FE404665
:10C4B00010210022F8F760FE4FF4F07002F0C4FA89
:10C4C000002800F0BF8005464FF62060CFF6FF70D1
:10C4D0009DF80620291881F8E0219DF807202830D2
:10C4E00081F8E1219DF8062081F8E2219DF80720DE
:10C4F00081F8E3219DF8062081F8E4219DF80720CA
:10C5000081F8E5219DF8062081F8E6219DF80720B5
:10C5100081F8E7219DF8062081F8E8219DF80720A1
:10C5200081F8E9219DF8062081F8EA219DF807208D
:10C5300081F8EB219DF8062081F8EC219DF8072079
:10C5400081F8ED219DF8062081F8EE219DF8072065
:10C5500081F8EF219DF8062081F8F0219DF8072051
:10C5600081F8F1219DF8062081F8F2219DF807203D
:10C5700081F8F3219DF8062081F8F4219DF8072029
:10C5800081F8F5219DF8062081F8F6219DF8072015
:10C5900081F8F7219DF8062081F8F8219DF8072001
:10C5A00081F8F9219DF8062081F8FA219DF80720ED
:10C5B00081F8FB219DF8062081F8FC219DF80720D9
:10C5C00081F8FD219DF8062081F8FE219DF80720C5
:10C5D00081F8FF219DF8062081F800229DF80720B0
:10C5E00081F801229DF8062081F802229DF807209B
:10C5F00081F803229DF8062081F804229DF8072087
:10C6000081F805229DF8062081F806229DF8072072
:10C6100081F807227FF45CAF42F64C160027C2F285
:10C62000000600BF304629464FF4F0724FF4F06325
:10C63000F9F7EEF9EF2F07F10107F3D3284601F0E0
:10C64000B9FE17E042F64C150027C2F200050DF1C5
:10C65000060600BF002400BF2846314602220823F8
:10C66000F9F7D6F9EF2C04F10104F5D3EF2F07F118
:10C670000107EFD3404610210122F8F77DFD02B0FB
:10C68000BDE8F081B0B582B000241120C4F20204EC
:10C690008DF80600204640210022F8F76DFD204667
:10C6A00010210022F8F768FD42F64C15C2F2000591
:10C6B0000DF10601284601220423F9F7A9F92046C5
:10C6C00010210122F8F758FD1420F8F793FA2920D9
:10C6D0008DF80700204640210022F8F74DFD204646
:10C6E00010210022F8F748FD0DF10701284601222C
:10C6F0000423F9F78DF9204610210122F8F73CFDBB
:10C700001420F8F777FA02B0B0BD000040F208023A
:10C71000C2F2000210805180704700002DE9F04FF6
:10C7200083B0F027A7EB5307874203D3C3F1F00789
:10C730008F4203D203B0BDE8F08F00BF40F2000A81
:10C740005C08C4F2020A402BA2F120067CD0182B10
:10C7500000F0FC800C2BEDD10219013A01F10B0322
:10C7600092B29BB2FFF7EEFD9020F3F743FE8146B5
:10C77000F0B2400050FA86F0B9F1000F4FEA8002A3
:10C7800000F09C8140F2080141F28433C2F20001C2
:10C79000C0F601030C8849881A44013A002300BFFF
:10C7A00012F9016F2046002E48BF084609EB030727
:10C7B000050A78707006204609F8035048BF0846FD
:10C7C000050AF870B0062046BD7048BF0846050A45
:10C7D0007871F00620463D7148BF0846050AF87199
:10C7E00030072046BD7148BF0846050A78727007B9
:10C7F00020463D7248BF0846050AF872B007204639
:10C80000BD7248BF0846050A7873F007084603F171
:10C810000C033D7308BF2046060A902BBE73F873C5
:10C82000BED1504640210122F8F7A6FC5046102107
:10C830000022F8F7A1FC42F64C10C2F20000494673
:10C8400090224FF410732CE10219013A01F13F03D9
:10C8500092B29BB2FFF776FD4FF48050F3F7CAFD1A
:10C8600081464FF6F870F1B2C1F6FF70614300EAFD
:10C87000C408B9F1000F00EAC10B00F0F18140F2E9
:10C880000801C2F200010A88498842F6981C002477
:10C89000C0F6010C002300BF04EB0B071CF9076076
:10C8A0001046002E48BF084609EB0417050A7870A9
:10C8B00070064FEA041E104609F80E5048BF08469D
:10C8C000050AF870B0061046BD7048BF0846050A54
:10C8D0007871F00610463D7148BF0846050AF871A8
:10C8E00030071046BD7148BF0846050A78727007C8
:10C8F00010463D7248BF0846050AF872B007104658
:10C90000BD7248BF0846050A7873F00703F10103BA
:10C9100008469CB23D7308BF1046060AA045BE7388
:10C92000F873B9D8504640210122F8F725FC50464B
:10C9300010210022F8F720FC42F64C10C2F2000051
:10C9400049464FF480524FF48043AAE00219013A5D
:10C9500001F1170392B29BB2FFF7F4FC4FF4107091
:10C96000F3F748FD8146F0B2400050FA86F0B9F185
:10C97000000F4FEA001800F08F8240F20801C2F267
:10C9800000010888498809F1070E4FF0000B04E008
:10C990000BF1010BBBF1300F70D04FEA5B0241F29B
:10C9A000F87302EB42040BEB0802C0F601039E5C35
:10C9B0001BF001024FF0040208BF08222CD10EEB3D
:10C9C000C40400BF75B2002D054648BF0D462F0AAE
:10C9D00004F8065C7506054604F8077C48BF0D465A
:10C9E0002F0A04F8045CB506054604F8057C48BF28
:10C9F0000D462F0A04F8025CF506054604F8037C90
:10CA000048BF0D462F0A04F8017C04F8085B043A7D
:10CA10004FEA0616D6D1BBE709EBC404002700BFD6
:10CA200075B2002D054648BF0D462B0A04EB470C96
:10CA30008CF81030730603468CF8115048BF0B4633
:10CA40001D0A8CF81330B30603468CF8125048BF09
:10CA50000B461D0A8CF81530F306034607F1040750
:10CA60008CF8145048BF0B461D0ABA424FEA06160E
:10CA70008CF816508CF81730D2D189E750464021F7
:10CA80000122F8F779FB504610210022F8F774FBD9
:10CA900042F64C10C2F2000049464FF410724FF4B7
:10CAA0001063F8F7B5FF504610210122F8F764FB38
:10CAB000484603B0BDE8F04FF3F7CBBC41F28430F9
:10CAC00040F20809C0F60100C2F2000942F64C1417
:10CAD00000EB02084FF0FF3709F10205C2F2000433
:10CAE0000DF1060B08EB070090F901604846002E97
:10CAF00048BF28460088402100BA000CADF8060067
:10CB000050460122F8F738FB504610210022F8F772
:10CB100033FB2046594602220823F8F779FF504696
:10CB200010210122F8F728FB7006484648BF284626
:10CB30000088402100BA000CADF8060050460122E2
:10CB4000F8F71AFB504610210022F8F715FB204693
:10CB5000594602220823F8F75BFF504610210122B4
:10CB6000F8F70AFBB006484648BF2846008840212F
:10CB700000BA000CADF8060050460122F8F7FCFAA6
:10CB8000504610210022F8F7F7FA204659460222B3
:10CB90000823F8F73DFF504610210122F8F7ECFA80
:10CBA000F006484648BF28460088402100BA000CDD
:10CBB000ADF8060050460122F8F7DEFA5046102183
:10CBC0000022F8F7D9FA2046594602220823F8F73E
:10CBD0001FFF504610210122F8F7CEFA30074846D1
:10CBE00048BF28460088402100BA000CADF8060076
:10CBF00050460122F8F7C0FA504610210022F8F7FB
:10CC0000BBFA2046594602220823F8F701FF504696
:10CC100010210122F8F7B0FA7007484648BF2846AD
:10CC20000088402100BA000CADF8060050460122F1
:10CC3000F8F7A2FA504610210022F8F79DFA204694
:10CC4000594602220823F8F7E3FE5046102101223C
:10CC5000F8F792FA01370B2F7FF444AF6AE500BF73
:10CC6000CDF800B040F2080BC2F2000B42F64C15B2
:10CC700000200BF10207C2F200050DF10A064FF089
:10CC8000000900BF00994446084442F69811C0F6D6
:10CC9000010111F900805846B8F1000F48BF38462D
:10CCA0000088402100BA000CADF80A00504601226D
:10CCB000F8F762FA504610210022F8F75DFA28468C
:10CCC000314602220823F8F7A3FE50461021012224
:10CCD000F8F752FA5FEA4860584648BF384600887D
:10CCE000402100BA000CADF80A0050460122F8F7C6
:10CCF00043FA504610210022F8F73EFA2846314602
:10CD000002220823F8F784FE504610210122F8F78A
:10CD100033FA5FEA8860584648BF384600884021A9
:10CD200000BA000CADF80A0050460122F8F724FAC8
:10CD3000504610210022F8F71FFA284631460222F9
:10CD40000823F8F765FE504610210122F8F714FA7F
:10CD50005FEAC860584648BF38460088402100BA9C
:10CD6000000CADF80A0050460122F8F705FA5046CB
:10CD700010210022F8F700FA284631460222082343
:10CD8000F8F746FE504610210122F8F7F5F95FEA60
:10CD90000870584648BF38460088402100BA000C49
:10CDA000ADF80A0050460122F8F7E6F95046102186
:10CDB0000022F8F7E1F92846314602220823F8F765
:10CDC00027FE504610210122F8F7D6F95FEA487095
:10CDD000584648BF38460088402100BA000CADF8DC
:10CDE0000A0050460122F8F7C7F9504610210022E8
:10CDF000F8F7C2F92846314602220823F8F708FE60
:10CE0000504610210122F8F7B7F95FEA88705846BA
:10CE100048BF38460088402100BA000CADF80A002F
:10CE200050460122F8F7A8F9504610210022F8F7E1
:10CE3000A3F92846314602220823F8F7E9FD5046B7
:10CE400010210122F8F798F95FEAC870384608BF48
:10CE500058460088402100BA000CADF80A00504640
:10CE60000122A046F8F788F9504610210022F8F771
:10CE700083F92846314602220823F8F7C9FD5046B7
:10CE800010210122F8F778F909F101091FFA89F058
:10CE900084423FF6F7AE4DE440F2080442F64C15EA
:10CEA0004FF0000BC2F20004C2F2000502AE00BF58
:10CEB00041F2F87108EB0B00C0F601010F5C4FF076
:10CEC00004095FEACB7008BF4FF0080978B2002868
:10CED000204648BF02300088402100BA000CADF85F
:10CEE000080050460122F8F747F950461021002269
:10CEF000F8F742F92846314602220823F8F788FD60
:10CF0000504610210122F8F737F9B9F101094FEA2B
:10CF10004707DBD10BF1010BBBF1300FC8D1FFF795
:10CF200009BC00002DE9F04F85B090460E9A04919F
:10CF3000002A039000F0F080DDE90E101D464A1E25
:10CF400001924FEA580202928A1E0028C1F10000A5
:10CF5000009275D04CF6CD474FF0000B5FFA80F988
:10CF6000CCF6CC4742F2107400264FF0000A14E0D1
:10CF70000126DDE9022143460BFB021140F030029D
:10CF800088B20499D2B2FFF7C9FB0E980BF1010BDE
:10CF900083450AF1010A00F0BF806FEA0A00C0B2BF
:10CFA000484501D101202DE000996FEA0B00A1EB6B
:10CFB0000B01C9B203290E99014401D2012009E0F5
:10CFC00001F0FC02002301200433DFB2974204FB8E
:10CFD00000F0F9D14CF6CD4711F00301CCF6CC4767
:10CFE00010D0012904D100EB800040000AE000BF0E
:10CFF0004FF47A72424302294FF0640108BF00FBEC
:10D0000001F21046B5FBF0F0002EA0FB07124FEA2C
:10D01000D20101EB8101A0EB4100AAD10199594550
:10D02000A7DD0028A4D1DDE9021030220BFB0100AE
:10D03000049980B24346FFF771FB0026A5E700BFC5
:10D0400000245FFA80F942F2107B00270026AA46EE
:10D0500013E000BF0127DDE90221434604FB021172
:10D0600040F0300288B20499D2B2FFF757FB0E9815
:10D070000134844206F101064ED0F043C0B2484567
:10D0800002D1012028E000BF0099E043091BC9B28A
:10D0900003290E99014401D2012009E001F0FC02AC
:10D0A000002301200433DDB2954200FB0BF0F9D1DF
:10D0B00011F0030155460FD0012903D100EB800088
:10D0C000400009E04FF47A72424302294FF06401B4
:10D0D00008BF00FB01F21046B5FBF0F04CF6CD4165
:10D0E000CCF6CC41A0FB0112D10801EB8101002F4D
:10D0F000A0EB4100AFD10199A142ACDD0028A9D13C
:10D10000DDE90210202204FB0100049980B24346AD
:10D11000FFF704FB0027AAE705B0BDE8F08F000089
:10D120002DE9F04383B015461C46DDE90A9820221C
:10D13000002B2B460E46074648BF2D22FFF7EEFA7E
:10D1400007EB5500A9F10101002C48BF6442CFB2A2
:10D1500080B231462A462346CDE90078FFF7E2FE49
:10D1600003B0BDE8F08300002DE9F0470D46064608
:10D17000A2F10C00910741EA90010D294FF0FF3018
:10D1800031D81446012202FA01F142F22B22114257
:10D1900008BFBDE8F0871A7822B3F0204FEA5408A0
:10D1A000A0EB5409C4F1F00A5F1C09E0B0B2A9B2C7
:10D1B000D2B22346FFF7B2FA17F8012B46448AB1E0
:10D1C000B0B281453CBF25440026A8B28245EDD2CD
:10D1D0004FF47840FFF756F917F8012C0025002688
:10D1E000E4E700BF0020BDE8F08700002DE9F04132
:10D1F00014A001F00FFC42F2083042F20C35C2F2EA
:10D200000000C2F2000507682868874216D212A4FF
:10D210000FF2480804E000BF28680C3787420DD29F
:10D220003E68214630460222F3F773FA0028F3D015
:10D230007A684046314601F0EDFBEDE70020BDE89D
:10D24000F08100BF2D2D46756E6374696F6E204CA2
:10D250006973743A0A0000005F5F0000252D3136C3
:10D2600073202D2D2025730A0000000080B542F6A2
:10D270003470C2F2000001680AA001F0CBFB43F653
:10D280009070C2F2000001680BA001F0C3FB42F6EF
:10D290003070C2F2000001680CA0BDE8804001F0CF
:10D2A000B9BB00BF746F74616C206D656D6F72796E
:10D2B0003A2025640A00000075736564206D656D71
:10D2C0006F7279203A2025640A0000006D61786948
:10D2D0006D756D20616C6C6F6361746564206D6544
:10D2E0006D6F72793A2025640A0000002DE9F04F35
:10D2F0008BB0062001F0F6FC04464DA053A2082195
:10D3000001F088FB46F6EA556FF00706C0F6010506
:10D31000284601F07FFB0136FAD34FA0261D01F00D
:10D3200079FB46F6006746F6EC5B0025C0F6010780
:10D33000C0F6010B029602E0029E002D74D02C462E
:10D34000002D08BF3546F2F7BBFF7CB94FF000084F
:10D350002D68B54212D003A941F8285008F1010800
:10D36000B8F1080FF4D14FF0080808E015F8041CD4
:10D3700001F07F010629E9D04FF000080025F2F7FF
:10D38000A3FFB8F1010FD7DB4FF000090AE000BF9F
:10D3900046F6CD50C0F6010001F03CFB09F1010951
:10D3A000C145C9D003A850F829A0F2F789FF1AF89F
:10D3B000041C01F07F04F2F787FF062CEED1AAF1DE
:10D3C0000C035AF8080F4FF0FF34BAF810605045BC
:10D3D0001DD05046006801345045FBD124A00821DF
:10D3E0000822CDE9006401F015FBDAF8006000E0E6
:10D3F00036685645CCD0A6F11401384601F00AFB38
:10D4000030685045F4D0584601F004FBF0E7504630
:10D41000006801345045FBD11AA008210822CDE94B
:10D42000006401F0F7FAB9E700200BB0BDE8F08F17
:10D43000252D2A2E7320656E747279207375737092
:10D44000656E64207468726561640A006D7367714B
:10D450007565756500000000202D2D2D2D20202DD7
:10D460002D2D2D2D2D2D2D2D2D2D2D2D2D0A000069
:10D47000252D2A2E2A732025303464202025643A55
:10D4800000000000252D2A2E2A7320253034642028
:10D490002025640A000000002DE9F04F8DB0032024
:10D4A00001F020FC044635A03DA2082101F0B2FAAB
:10D4B00046F6EA556FF00706C0F60105284601F06A
:10D4C000A9FA0136FAD338A004F1040A01F0A2FA4D
:10D4D00000270DF1140B0FF2F00901E0002F48D0E6
:10D4E0003C46002F08BF5746F2F7EAFE54B9002425
:10D4F0003F6857450DD04BF824700134082CF7D104
:10D50000082407E017F8041C01F07F010329EED07E
:10D5100000240027F2F7D8FE012CDFDB002502E013
:10D520000135A542DAD05BF82560F2F7C9FE16F89E
:10D53000041C01F07F08F2F7C7FEB8F1030FEFD12A
:10D54000D6F814C0F17C06F108004FF0FF32034614
:10D550001B6801328342FBD1A6F10C03CDE901C166
:10D5600003924846082108220826009601F052FA44
:10D57000D6E700200DB0BDE8F08F00BF252D2A2E84
:10D58000732020206F776E65722020686F6C642096
:10D5900073757370656E64207468726561640A00E7
:10D5A0006D75746578000000202D2D2D2D2D2D2DED
:10D5B0002D202D2D2D2D202D2D2D2D2D2D2D2D2DB5
:10D5C0002D2D2D2D2D0A0000252D2A2E2A732025E4
:10D5D0002D382E2A7320253034642025640A00005B
:10D5E0002DE9F04F8BB0022001F07CFB04464DA0EA
:10D5F00053A2082101F00EFA46F6EA556FF007062D
:10D60000C0F60105284601F005FA0136FAD34FA00D
:10D61000261D01F0FFF946F6006746F6EC5B002593
:10D62000C0F60107C0F6010B029602E0029E002D33
:10D6300074D02C46002D08BF3546F2F741FE7CB968
:10D640004FF000082D68B54212D003A941F82850C8
:10D6500008F10108B8F1080FF4D14FF0080808E00C
:10D6600015F8041C01F07F010229E9D04FF00008F1
:10D670000025F2F729FEB8F1010FD7DB4FF00009C2
:10D680000AE000BF46F6CD50C0F6010001F0C2F935
:10D6900009F10109C145C9D003A850F829A0F2F742
:10D6A0000FFE1AF8041C01F07F04F2F70DFE022CA5
:10D6B000EED1AAF10C035AF8080F4FF0FF34BAF874
:10D6C000086050451DD05046006801345045FBD1DC
:10D6D00024A008210822CDE9006401F09BF9DAF8C2
:10D6E000006000E036685645CCD0A6F114013846FB
:10D6F00001F090F930685045F4D0584601F08AF9AD
:10D70000F0E75046006801345045FBD119A00821CC
:10D710000822CDE9006401F07DF9B9E700200BB0E3
:10D72000BDE8F08F252D2A2E7320762020207375DA
:10D730007370656E64207468726561640A0000002D
:10D7400073656D6170686F7265000000202D2D2D6E
:10D75000202D2D2D2D2D2D2D2D2D2D2D2D2D2D0A29
:10D7600000000000252D2A2E2A7320253033642046
:10D7700025643A00252D2A2E2A7320253033642073
:10D7800025640A002DE9F04F8BB0012001F0AAFAC0
:10D79000044646F67650C0F6010046A2082101F084
:10D7A00039F946F6EA556FF00706C0F6010500BFE5
:10D7B000284601F02FF90136FAD340A0043401F0D5
:10D7C00029F900250DF10C0A029402E0029C002DBB
:10D7D0006CD02E46002D08BF2546F2F771FD7EB9AC
:10D7E0004FF000092D68A54212D04AF8295009F1DE
:10D7F0000109B9F1080FF5D14FF0080909E000BFA0
:10D8000015F8041C01F07F010129E9D04FF000094F
:10D810000025F2F759FDB9F1010FD7DB4FF00008F1
:10D8200006E000BFF2F750FD08F10108C845CDD071
:10D830005AF828B0F2F744FD1BF8041C01F07F01F0
:10D840000129EFD1ABF10C06F2F73EFD9BF82970F0
:10D850002AA0082108223346009701F0DBF89BF844
:10D86000280000F00F00042804D827A151F8200058
:10D8700001F0D0F8DBF81C10002000BF0A5C01307A
:10D88000232AFBD0DBE908266423101A5843DBF86F
:10D8900010706430DBF834401144B0FBF2F3C91B64
:10D8A0001EA0CDE9004601F0B5F8BDE700200BB0A1
:10D8B000BDE8F08F7468726561640000202D2D2D25
:10D8C00020202D2D2D2D2D2D2D202D2D2D2D2D2DAF
:10D8D0002D2D2D2D202D2D2D2D2D2D2D2D2D2D2092
:10D8E000202D2D2D2D2D2D20202D2D2D2D2D2D2D8F
:10D8F0002D2D2D202D2D2D0A00000000252D2A2E46
:10D900002A73202533642000CF6D0108E16D0108E2
:10D91000EE6D0108F76D0108D86D010820307825FB
:10D920003038782030782530387820202020253075
:10D930003264252520202030782530387820253085
:10D9400033640A002DE9F04F8BB00A2001F0CAF9C8
:10D95000044639A042A2082101F05CF846F6EA55D7
:10D960006FF00706C0F60105284601F053F80136AE
:10D97000FAD33DA004F1040A01F04CF8002403ADF1
:10D9800003E000BF002C03AD49D02646002C08BFA1
:10D990005446F2F795FC5EB9002600BF2468544552
:10D9A0000DD045F826400136082EF7D1082607E0AD
:10D9B00014F8041C01F07F010A29EDD00026002490
:10D9C000F2F782FC012EDDDB0DF10C0B1AE000BF3B
:10D9D000A9F10C08F2F778FCD9E906572BA0082129
:10D9E00008224346CDE9005701F014F819F8030C5A
:10D9F000C0070CBF2EA02BA001F00CF8013E0BF1CC
:10DA0000040BBFD0DBF80090F2F75AFC19F8041CA5
:10DA100001F07F010A29DBD0F2F756FCEEE701F0B6
:10DA20005DFE014646F6BA50C0F6010000F0F2FF76
:10DA300000200BB0BDE8F08F252D2A2E732020701A
:10DA40006572696F64696320202074696D656F7504
:10DA50007420202020202020666C61670A000000CE
:10DA600074696D6572000000202D2D2D2D2D2D2D3A
:10DA70002D2D2D202D2D2D2D2D2D2D2D2D2D202DF0
:10DA80002D2D2D2D2D2D2D2D2D2D0A00252D2A2E20
:10DA90002A7320307825303878203078253038784F
:10DAA000200000006163746976617465640A000097
:10DAB00064656163746976617465640A00000000DE
:10DAC00000207047B0B547F2940447F27800C0F6E2
:10DAD0000104C0F60100A04209D247F27805C0F661
:10DAE000010500BF55F8040B8047A542FAD3BDE8F5
:10DAF000B040FFF7E5BF00002DE9F04F81B00446CC
:10DB0000007800284FD042F2083042F20C3BC2F2BB
:10DB10000000C2F2000B0568DBF80000854278D2F5
:10DB200046F62A694FF0000AC0F601090FF2001804
:10DB300000270CE0C01B5045B8BF82464046314626
:10DB400000F068FFDBF800000C35854264D22E68D7
:10DB5000494630460622F2F7DCFD0028F2D1204685
:10DB60000636F2F7B7FD024620463146F2F7D1FD00
:10DB70000028E7D1BAF1000F04D13046F2F7AAFD30
:10DB800082463746397838460029D3D0384632465F
:10DB90001378002BCED09942CCD110F8011F01325E
:10DBA0000029F5D1C6E746F60360C0F6010000F093
:10DBB00031FF42F2083042F20C35C2F20000C2F2EC
:10DBC00000050768286887421AD246F62A6446F696
:10DBD0001E68C0F60104C0F6010803E028680C378F
:10DBE00087420DD23E68214630460622F2F791FD6B
:10DBF0000028F3D17A68B11D404600F00BFFEDE735
:10DC000046F6CD50C0F6010001B0BDE8F04F00F07F
:10DC100001BF00274FF0000A3FB120463946524667
:10DC200001B0BDE8F04F01F033BA01B0BDE8F08FAC
:10DC300025730A00002904BF002070472DE9F04F2A
:10DC400089B00D46044603E0013D04F101040ED005
:10DC500020782028F8D00928F6D00026A05D0928D1
:10DC60000AD0202808D0B54205D00136F6E70020BA
:10DC700009B0BDE8F08F2E46002E00F0C68042F2BB
:10DC80000830C2F20000076842F20C30C2F2000015
:10DC9000D0F800A0574522D246F62A6806F1060BB6
:10DCA000C0F6010803E000BF0C37574517D2D7F87C
:10DCB0000090414648460622F2F72BFD0028F3D19A
:10DCC00009F1060021463246F2F723FD0028EBD188
:10DCD00019F80B000028E7D1D7F8088001E04FF0D1
:10DCE0000008B8F1000F4FF0000100F08F800DF137
:10DCF00004094FF0000A00222046CDE90711CDE9C2
:10DD00000511CDE90311CDE9011104E01A46AA423B
:10DD10006AD2AA4268D22B46AA4288BF134600BFE5
:10DD2000013010F8017C202F01D0092F07D1934238
:10DD300004D000F8011C0132F2E700BF1A46BAF124
:10DD4000080F3ED2AA424FD2222F1DD149F82A00F5
:10DD50000678531C04E000BF10F8016F1A46013327
:10DD6000AB424FF0000738BF0127222E20D0AB4234
:10DD70001ED25C2EF0D1074617F8016F222E04BF89
:10DD80003846931CE8E700BF013849F82A000AF139
:10DD9000010A2B46AA4288BF134600BF0778092F05
:10DDA000B5D0202FB3D09342B0D001300132F5E787
:10DDB0000AF1010AC7B100F8011B0232AA42AAD334
:10DDC00012E01AA000F026FE002620A559F8261021
:10DDD000284600F01FFE0136B245F7D146F6CD5079
:10DDE000C0F6010000F016FEBAF1000F0DD001A937
:10DDF0005046C047012159B9204600BF017841F083
:10DE00002001202907D00130F8E700210029F3D0B4
:10DE100009B0BDE8F08F002101700DA0214600F08F
:10DE2000F9FD4FF0FF3009B0BDE8F08F546F6F205F
:10DE30006D616E7920617267732021205765206FB4
:10DE40006E6C79205573653A0A0000002573200036
:10DE500025733A20636F6D6D616E64206E6F742060
:10DE6000666F756E642E0A002DE9F04146F6036078
:10DE7000C0F6010000F0CEFD42F2083042F20C354F
:10DE8000C2F20000C2F200050768286887421BD270
:10DE900046F62A6446F61E68C0F60104C0F601087C
:10DEA00004E000BF28680C3787420DD23E68214647
:10DEB00030460622F2F72DFC0028F3D17A68B11D16
:10DEC000404600F0A7FDEDE746F6CD50C0F6010054
:10DED00000F0A0FD0020BDE8F081000001207047A7
:10DEE00000EB81004261704710B50446006980472D
:10DEF0002178C1F3C002904202D101F0F8000EE097
:10DF00004A1C02F00702032A06D300F0010001F0C8
:10DF1000F00141EAC00002E001F0F8001044C1083D
:10DF200081EA1011202212EA411100F0DF021144AF
:10DF300081F02001C1F3401282EAD01000EA5110B2
:10DF400001F03F0201F0200142EA810141EA801123
:10DF500021704FF0000161700AD118B322790120BD
:10DF600061810132E180032160702271E17043E040
:10DF7000E07800281ABF022060700020E188228922
:10DF8000914203D20131E18026E000BF22791AB329
:10DF900000F12001012A617018D0022A19D128212C
:10DFA00015E000BF6089A289013081B26081501EF6
:10DFB00080B288424FF0000003D21021608110200F
:10DFC00061700221E17058B910BD00BF24210143E6
:10DFD000617000202071084600210028E170F3D014
:10DFE000C10709D1810713D441071DD4010727D4E4
:10DFF000C10631D43AE000BF616921B10120A070AF
:10E0000020468847607800F0FE0060708107EBD5FD
:10E01000A16921B10220A07020468847607800F0F5
:10E02000FD0060704107E1D5E16921B10420A070D5
:10E0300020468847607800F0FB0060700107D7D564
:10E04000216A21B10820A07020468847607800F03E
:10E05000F7006070C10609D5616A21B11020A07077
:10E0600020468847607800F0EF006070810658BF56
:10E0700010BDA16A21B12020A07020468847607899
:10E0800000F0DF00607010BD2DE9F0410E46DDF8B4
:10E09000188030211C4615460746F2F7F4FB3E6116
:10E0A000B0473978102202EA051201F0E70160F367
:10E0B000C302501838704CF6CD4004FB00F108FB49
:10E0C00000F0C90CC00C3981B881BDE8F0810000B6
:10E0D00042F61411C2F200010A68AAB1134600BF49
:10E0E000834204BF4FF0FF307047DB6A63B1834265
:10E0F0000ED0DB6A43B183420AD0DB6A23B183428C
:10E1000006D0DB6A002BEBD1C262086000207047AA
:10E110004FF0FF307047000010B542F61410C2F205
:10E120000000046804E000BF2046FFF7DDFEE46A5B
:10E13000002C08BF10BDF7E72DE9F04F88B0DDF8DF
:10E140004CA00FF2B01B5FEA4A6765A758BFBB46F9
:10E150005FEACA6748BF2AF0010A5FEACA774FF050
:10E16000300708BF202701975FEA8A7704D4002789
:10E1700002970126009712E0B2F1FF3F07DD5FEA48
:10E180004A7707D45FEA0A77F1D5202703E05242A5
:10E190002D2700E02B270097002601270297DDF8A6
:10E1A00048C00396FAB14CF6CD4E0025CCF6CC4EC5
:10E1B0000DF11009A2FB0E4602F00F04F70807EB61
:10E1C00087070A2B08BFA2EB47044FEA121208BFC9
:10E1D000F2081BF8044005F1010809F80540002A7F
:10E1E0004546E7D104E030228DF810204FF00108B9
:10E1F000119AE0456346C8BF43461AF0110FA2EBDF
:10E20000030202D0039FBFB11CE00027002AC8BF51
:10E210000127029E3740D21B012A5BDB039F20258A
:10E220008842A2F1010238BF0570002A00F1010006
:10E23000F6DC4FF0FF322FB988423CBF009F0770D9
:10E24000013A01305FEACA6702D5E04515DB1EE0FE
:10E25000012A0FDB019F00BF8842A2F1010238BFF3
:10E260000770002A00F10100F6DC4FF0FF32E045B4
:10E2700003DB0CE0013AE04509DA30278842A3F1DC
:10E28000010338BF0770984500F10100F6DBBCF1CF
:10E29000000F0ED004AB013B88423CBF13F808705E
:10E2A0000770BCF1000F00F1010002D0B8F10108C5
:10E2B000F2DC012A0BDB0132202300BF8842A2F1ED
:10E2C000010238BF0370012A00F10100F6DC08B03A
:10E2D000BDE8F08F039F013A002FADD0B2E700BF39
:10E2E00030313233343536373839616263646566CC
:10E2F000000000003031323334353637383941428E
:10E300004344454600000000B0B501FB00F4204640
:10E3100000F09AFB054620B128460021224600F075
:10E3200053FC2846B0BD0000B0B547F2780447F270
:10E330006800C0F60104C0F60100A04228BFB0BDCD
:10E3400047F26805C0F6010555F8040B8047A54261
:10E35000FAD3B0BD80B5F1F7B3FF43F63431C2F262
:10E3600000010A8801320A80BDE88040F1F7ACBFA5
:10E3700080B5F1F7A5FF43F63431C2F200010A88F7
:10E38000013A13B2002B0A8003DDBDE88040F1F7AB
:10E390009BBF00220A80F1F797FF43F6A020C2F24C
:10E3A00000000068002808BF80BDBDE8804000F084
:10E3B000E1BC0000F0B581B0002872D042F6281709
:10E3C000C2F2000704463868A0426AD842F6241612
:10E3D000C2F200063068A04263D942F62C10C2F2A5
:10E3E00000004FF0FF31A4F10C0500F08FFD34F870
:10E3F0000A0C18B12888B0F5F55F0AD02AA000F001
:10E4000009FB34F80A2C34F80C3C2EA0294600F005
:10E4100001FB4FF4F55044F80C0C42F62C70C2F29C
:10E420000000016843F690738D4238BF056054F8D0
:10E43000082C3968C2F200031F680A44AA1A3A4439
:10E440001A6054F8082C0A44AA420FD053886BB9BA
:10E4500033689A420AD00368934208BF0560536844
:10E4600044F8083C52686B1A0A44936054F8042C30
:10E470008B18AB420CD05F8857B90768AF4208BF12
:10E48000036054F8080C586054F8080C0844826083
:10E4900042F62C10C2F2000001B0BDE8F04000F0DE
:10E4A0000DBD01B0F0BD00BF746F206672656520C0
:10E4B0006120626164206461746120626C6F636BCF
:10E4C0003A0A00006D656D3A203078253038782C96
:10E4D000207573656420666C61673A2025642C2082
:10E4E0006D6167696320636F64653A203078253019
:10E4F00034780A0044F29850C2F2000070470000DD
:10E500000020C2F20200704710B5F6F75FFEFBF77D
:10E5100043FEFBF79BFEF6F7AFFF44F6D351C1F283
:10E520006201A0FB01018809F7F79AFBFFF7FCFEE7
:10E53000FFF7E0FF0446FFF7E3FF01462046BDE892
:10E54000104000F0BFBD000042F26820C2F200009F
:10E5500000680168890609D480B50A2000F0B0FF80
:10E56000FF20BDE88040C0B2704700BF4068C0B225
:10E5700070470000F0B581B004460D208DF803000F
:10E5800042F26820C2F20000002180F83C102046D0
:10E5900000F076FDE0B142F268260546C2F20006C0
:10E5A0000DF103070AE000BF304621460122012396
:10E5B000F9F738FA013D04F1010409D020780A285E
:10E5C000F2D13046394601220123F9F72BFAEBE765
:10E5D00001B0F0BD10B543F6A421C2F200010968F4
:10E5E000044629B104F128008847002808BF10BD5F
:10E5F000616C46F6B040C0F6010000F00BFAA16A6B
:10E6000046F66F40C0F6010000F004FAE16A46F6F3
:10E610007C40C0F6010000F0FDF9216B46F6894010
:10E62000C0F6010000F0F6F9616B46F69640C0F6C0
:10E63000010000F0EFF9A16846F6A340C0F6010022
:10E6400000F0E8F9E168AAA000F0E4F92169ACA0C3
:10E6500000F0E0F96169AEA000F0DCF9A169B0A0BA
:10E6600000F0D8F9E169B2A000F0D4F9216AB4A0B1
:10E6700000F0D0F9616AB6A000F0CCF9A16BB8A0A7
:10E6800000F0C8F9E16BBAA000F0C4F9216CBCA09D
:10E6900000F0C0F92078400706D446F6BB30C0F63B
:10E6A000010000F0B7F90AE000F036FF014646F637
:10E6B000D530C0F6010000F0ADF9FFF763F820781F
:10E6C000C00605D446F6F230C0F6010000F0A2F90B
:10E6D0004EF62954CEF20004D4F80300800705D585
:10E6E00046F64D40C0F6010000F094F9D4F803005E
:10E6F000400040F1F080207800284AD046F62140C2
:10E70000C0F6010000F086F9217846F63450C0F6D4
:10E71000010000F07FF92078C00705D046F61F50B1
:10E72000C0F6010000F076F92078800705D546F69E
:10E730001450C0F6010000F06DF92078400705D5AF
:10E7400046F61250C0F6010000F064F92078000788
:10E7500005D546F60850C0F6010000F05BF92078B8
:10E76000C00602D58AA000F055F994F90000B0F176
:10E77000FF3F06DD46F6CD50C0F6010000F04AF935
:10E7800007E0D4F80F1046F62D40C0F6010000F067
:10E7900041F914F8010C002849D046F60040C0F6B3
:10E7A000010000F037F914F8011C46F64A50C0F693
:10E7B000010000F02FF914F8010CC00705D046F64F
:10E7C000E340C0F6010000F025F914F8010C8007C1
:10E7D00005D546F6D940C0F6010000F01BF914F843
:10E7E000010C000705D546F60750C0F6010000F001
:10E7F00011F914F8010CC00605D546F6FE40C0F626
:10E80000010000F007F914F9010CB0F1FF3F06DD3B
:10E8100046F6CD50C0F6010000F0FCF807E0D4F851
:10E820000B1046F63D40C0F6010000F0F3F8B4F8D6
:10E83000010000284FD046F61340C0F6010000F05A
:10E84000E9F8B4F8011046F66050C0F6010000F097
:10E85000E1F8B4F80100C00705D046F62850C0F62C
:10E86000010000F0D7F8B4F80100800705D546F69E
:10E87000CF40C0F6010000F0CDF8B4F80100400729
:10E8800005D546F6BD40C0F6010000F0C3F8B4F867
:10E890000100000705D546F6F840C0F6010000F07B
:10E8A000B9F8B4F80100C00505D546F6C440C0F675
:10E8B000010000F0AFF8B4F80100800505D546F678
:10E8C000ED40C0F6010000F0A5F846F6CD50C0F6C8
:10E8D000010000F09FF8D4F80300B0F1FF3F05DC21
:10E8E00046F66240C0F6010000F094F8FEE700BF73
:10E8F0007230353A203078253038780A0000000030
:10E900007230363A203078253038780A000000001E
:10E910007230373A203078253038780A000000000D
:10E920007230383A203078253038780A00000000FC
:10E930007230393A203078253038780A00000000EB
:10E940007231303A203078253038780A00000000E3
:10E950007231313A203078253038780A00000000D2
:10E960007231323A203078253038780A00000000C1
:10E97000206C723A203078253038780A0000000088
:10E980002070633A203078253038780A0000000083
:10E9900053544B455252200070B5043222F0070EFA
:10E9A0004BF6EF64AEF1440C6FF04702CDF6AD6468
:10E9B0000EEB02050432161D6C60F9D14FF0807425
:10E9C00000224EE9020460464EE908124EE9062292
:10E9D0004EE904234EF8442C70BD000080B5F1F7D9
:10E9E0006FFC43F6AC21C2F200010A7801320A70D2
:10E9F000BDE88040F1F768BC80B5F1F761FC43F6F3
:10EA0000AC21C2F200010A78013A0A70BDE88040E8
:10EA1000F1F75ABC83B010B581B043F6B4248446F4
:10EA200003A8C2F200040EC003AB20467F21624659
:10EA3000009300F083FF2046FFF79CFD01B0BDE886
:10EA4000104003B070470000002804BF002070474A
:10EA50002DE9F04381B042F63474C2F20004033071
:10EA6000216820F003058D4248D842F62C10C2F2EE
:10EA700000004FF0FF310C2D98BF0C2500F046FA36
:10EA800042F62C7E42F62810C2F2000EC2F20000BE
:10EA9000DEF800800168D4F80090A8EB0100A9EB33
:10EAA000050200E06068904222D20C186388002BB7
:10EAB000F8D1676800F10C06BB1BAB42F2D305F13D
:10EAC000180242F6307C9342C2F2000C1AD20122A4
:10EAD000628043F69072C2F200021368381ADCF8C2
:10EAE00000501844854210602CD2CCF8000029E078
:10EAF00042F62C10C2F2000000F0E0F9002001B054
:10EB0000BDE8F08305F10C0235444B194FF4F5567E
:10EB10004E51C3E901706560586809F10C03012684
:10EB2000984243F6907366801CBF08448560C2F229
:10EB300000031868DCF8005010448542186038BFA4
:10EB4000CCF800004FF4F5504445208013D1DEF896
:10EB5000000042887AB142F62412C2F20002126822
:10EB6000904208D0406808444388002B18BF904268
:10EB7000F8D1CEF8000042F62C10C2F2000000F0EE
:10EB80009DF904F10C0001B0BDE8F08381420DD283
:10EB90008B1883420AD9AAB1A1F1010C431E00BF10
:10EBA0001CF802109954013AFAD10BE0002A08BF70
:10EBB00070470139431E00BF11F801CF013A03F835
:10EBC00001CFF9D17047000010B5042A044617D3CD
:10EBD00014F0030014D1C8B24FF00133102A00FB27
:10EBE00003F30FD3A4F11000103A40F8103F0F2A9E
:10EBF000C0E90133C360F7D81030042A06D20AE016
:10EC0000204608E02046042A05D300BF043A032A20
:10EC100040F8043BFAD822B1CBB211461A46F1F7BC
:10EC200008FE204610BD00002DE9F041884640F264
:10EC30005C0105460020C2F2000100BF0A5CAA4246
:10EC400004D010305028F9D1002400E00C18E068FE
:10EC5000FFF7FAFE4FF00007C0B1E2680021064658
:10EC6000FFF7B2FF3046414608223572777200F056
:10EC70000FFAF1F725FB54F8041F324642F80C1F37
:10EC80004A6022605460F1F71FFB37463846BDE802
:10EC9000F081000010B5044600202072F1F710FB4F
:10ECA0002246216952F80C3F5960216922610B60AC
:10ECB0001260F1F709FB2046BDE81040FFF77ABB70
:10ECC00010B5044600202072F1F7FAFA54F80C1F30
:10ECD00062684A6062681160C4E90044BDE810409F
:10ECE000F1F7F2BA40F25C020021C2F2000200BF6A
:10ECF000535C834204BF501870471031502904BF41
:10ED000000207047F4E70000F0B581B00E4640F2F5
:10ED10005C01154604460020C2F200010A5CB242C2
:10ED200004D010305028F9D1002700E00F18FFF769
:10ED300011FB0437384600BF0068B842FCD1FFF72A
:10ED400017FB46F08000207220462946082200F07A
:10ED50009FF9F1F7B5FA396844F80C1F4C603C6034
:10ED6000676001B0BDE8F040F1F7AEBA007AC009C3
:10ED70007047000010B5F1F7A3FA43F63431C2F240
:10ED800000010988044621B12046BDE81040F1F792
:10ED90009BBA43F64040C2F200000068FCF7A2FDB7
:10EDA00043F640310138C2F2000143F6A02C51F87D
:10EDB00030E0C2F2000CDCF80020AEF11403934204
:10EDC000E2D043F69C21C2F20001087043F6AC2069
:10EDD000CCF80030C2F20000017802F11C000029DA
:10EDE0000EF1080102D0F1F772FACDE7F1F76FFAF0
:10EDF000CAE7000010B50446F1F762FA94F834103F
:10EE000094F8352001F0F001013184F8341043F614
:10EE10004031C2F2000101EBC2014A6843F6404CA6
:10EE200004F11403C2F2000C1360A2614B60A26BE8
:10EE3000DCF80030616143EA0201CCF80010BDE863
:10EE40001040F1F741BA0000B0B50546F1F738FAC5
:10EE5000294651F8142F4B6853604B6849601A607B
:10EE600091F8212043F640330960C2F2000353F8C1
:10EE7000324003EBC202944203D0BDE8B040F1F748
:10EE800023BA43F64042C2F20002A96B136823EA98
:10EE900001011160BDE8B040F1F716BA70B5154632
:10EEA0000A4602211C460646FFF72EFF06F1140013
:10EEB000C6E905000020B583747270BDF0B581B05D
:10EEC0000546F1F7FDF92E4656F8147F0446B74281
:10EED00004D0A7F1140000F0FBFA0CE0A88B01307D
:10EEE00081B2814206D02046F1F7EEF96FF00200C0
:10EEF00001B0F0BDA8832046F1F7E6F9B74218BF8C
:10EF0000FFF738FF002001B0F0BD00002DE9F0410F
:10EF100082B006460191F1F7D3F9B18B804641B139
:10EF2000481EB0834046F1F7CFF9002002B0BDE89B
:10EF3000F0810198F8B100F0EFFA0546002028634F
:10EF4000747A284606F1140700F056FBDCB1012C58
:10EF500020D138460068B84215D095F8351090F8A1
:10EF600021209142F6D2416805F114020A60A9619C
:10EF7000426068610EE04046F1F7A6F96FF00100CB
:10EF800002B0BDE8F081B06905F114010160A8612B
:10EF9000B1616F610198012809DB05F1440601AAFE
:10EFA0003046002100F012FC304600F067FC40467D
:10EFB000F1F78AF9FFF7DEFE286B002808BF002072
:10EFC00002B0BDE8F081000080B582B00AA0FFF772
:10EFD00021FD0CA0FFF71EFD0FF24C0C15A0032124
:10EFE00001220523CDF800C0FFF714FD19A002B0DF
:10EFF000BDE88040FFF70EBD0A205C207C202F0A70
:10F00000000000002D205254202D202020202054CC
:10F010006872656164204F7065726174696E672003
:10F0200053797374656D0A004D6179203330203255
:10F0300030323600202F207C205C2020202020250C
:10F04000642E25642E2564206275696C6420257306
:10F050000A0000002032303036202D20323032308D
:10F0600020436F70797269676874206279207274C6
:10F070002D746872656164207465616D0A0000001A
:10F08000002100BF425C0131002AFBD1481E7047BD
:10F0900010B5044662B1C2F10102601C0B7800F8A1
:10F0A000013C3BB101320131012A00F10100F5D1EF
:10F0B000204610BD002AFBD05142F1F7C2FB20468A
:10F0C00010BD000021F003038C46192B014640D3EC
:10F0D000C81C20F00300A3F11802824239D3B0B556
:10F0E000191A42F6347CA1F11802C2F2000C42F661
:10F0F0002815CCF80020C2F200054FF4F5520C3967
:10F1000028600024C0E9002141F6A0628460C0F2BA
:10F1100001021C4644F80C2D43F8081C42F624104A
:10F12000DCF80010C2F20000046001F10C0043F8AA
:10F13000040C42F62C10C2F2000008A101220023A8
:10F14000FFF7ACFE286842F62C71C2F2000108609D
:10F15000B0BD04A06246FFF75DBC00BF686561708A
:10F16000000000006D656D20696E69742C20657269
:10F17000726F7220626567696E2061646472657384
:10F180007320307825782C20616E6420656E6420B1
:10F190006164647265737320307825780A0000001A
:10F1A00043F63431C2F200010020088043F64031BA
:10F1B000C2F200010A180A500830B0F5807F526090
:10F1C000F8D143F69C20C2F200001F21017043F6E3
:10F1D000A020C2F200000021016043F64040C2F2CC
:10F1E0000000016043F63830C2F20000C0E90000C0
:10F1F0007047000080B543F64040C2F2000000684E
:10F20000FCF770FB43F64031C2F2000101EBC00095
:10F2100050F8080C43F6A022A0F11401C2F200023B
:10F2200008301160BDE88040F1F797B843F64C50C4
:10F23000C2F20000C0E90000704700007047000003
:10F240002DE9F04383B00F46014601201D461646C6
:10F25000FFF7EAFCE0B304462846FFF7F5FBA0B34E
:10F2600004F11401DDE90A98C4E9051123212A46B5
:10F27000C4E90876C4E90A05FFF7A6FC04F12003F7
:10F280000FCB1A444FF2DD23043AC0F60003FFF718
:10F2900083FB4FF23D62E061002704F14400C0F6B9
:10F2A00000022146234684F8369084F83590C4E95C
:10F2B0000E78C4F84080276384F83470C4E91C7762
:10F2C0000097019700F0C0FA03E02046FFF7E2FC48
:10F2D0000024204603B0BDE8F083000070B543F67B
:10F2E000A020C2F200000568F0F7EAFF0446F0F73C
:10F2F000E7FF296F064609B1284688473046F0F7F0
:10F30000E3FF2846FFF7A0FD042085F8340005F14F
:10F31000440000F081FA2846FFF728FD012803D1B8
:10F320002846FFF7CDFC09E043F63830C2F2000072
:10F33000016845F8141F4D6005606860FFF71AFD0D
:10F340002046BDE87040F0F7BFBF000042F61C56F3
:10F3500043F638370024C2F20006C2F2000703E089
:10F360002046F0F7B1FF002456F82400002818BF0B
:10F3700080470134042CF7D1F0F7A2FF3968044626
:10F38000B942EDD0D1E90020A1F1140550604B68DD
:10F3900048691A60C1E90011FFF70CF82846FFF729
:10F3A00079FC2046F0F790FFE6E7000010B584B046
:10F3B00043F644424FF48071C2F2000242F6A44484
:10F3C0001F20CDE90021C2F200044FF24D324FF070
:10F3D000200C029007A1C0F6000220460023CDF8C1
:10F3E0000CC000F025F8204604B0BDE8104000F045
:10F3F000D5B800BF7469646C65000000B0B5044600
:10F400000025F0F75DFF42F61C51C2F2000100BF7B
:10F4100051F825202AB10135042DF9D16FF00204ED
:10F4200002E041F825400024F0F74EFF2046B0BD31
:10F430002DE9F04782B00DF1280A16460A46DDF89C
:10F4400034909AE8800501211D460446FFF75CFCD4
:10F4500004F11400C4E90500384623214246C4E9FA
:10F460000865C4E90A78FFF7AFFB04F120030FCB6E
:10F470001A444FF2DD23043AC0F60003FFF78CFA7A
:10F480004FF23D62E061002704F14400C0F6000243
:10F490002146234684F836A084F835A0C4E90E79C5
:10F4A000C4F84090276384F83470C4E91C7700974F
:10F4B000019700F0C9F9002002B0BDE8F087000014
:10F4C00080B500F007F900F02DF8002080BD0000A5
:10F4D000B0B5044690F8340000F00F0002281CBFBD
:10F4E0004FF0FF30B0BDF0F7EBFE2246A16952F8B5
:10F4F000143F05465960A16904F144000B60A26104
:10F50000126000F0FFF92846F0F7DEFE2046FFF714
:10F5100071FC0020B0BD000043F6A020C2F2000044
:10F5200000687047F0B581B00090F0F7C9FE43F66F
:10F53000A021C2F200010C68054694F8341001F0D5
:10F540000F01012913D1F0F7BBFE06462046FFF755
:10F550007BFC94F8340000F0F000023084F83400B2
:10F5600004F1440000F0CEF93046F0F7ADFE04F1AE
:10F5700044066A4630460021002700F027F930464D
:10F5800000F07CF92846F0F79FFEFFF7F3FB206BB5
:10F59000023008BF2763002001B0F0BDB0B50446BB
:10F5A00090F83600012184F8350001FA00F0A063DC
:10F5B000022084F83400F0F783FE2246A16952F855
:10F5C000143F05465960A16904F144000B60A26133
:10F5D000126000F097F92846F0F776FE2046FFF714
:10F5E00009FC43F6A020C2F200000068002818BF02
:10F5F000FFF7C0FB0020B0BDB0B5044690F8340062
:10F6000000F00F0001281CBF4FF0FF30B0BDF0F735
:10F6100057FE05462046FFF717FC94F8340000F02B
:10F62000F000023084F8340004F1440000F06AF97C
:10F630002846F0F749FE0020B0BD000080B5024624
:10F64000816952F8143F6FF0010C59608169C0F86C
:10F6500030C00B6082611260FFF7CCFBBDE88040D8
:10F66000FFF788BB80B5F0F72BFE43F6A021C2F26E
:10F670000001096891F8342002F00F02012A25D117
:10F680000A4652F814CF53689C451FD08B6901F18C
:10F69000140ECCF804308B69C3F800C091F835C063
:10F6A00043F64033C2F20003C1E905E203EBCC03A9
:10F6B000D3F804C0CCF80020C1F818C05A604B61E0
:10F6C000F0F702FEFFF756FB002080BDF0F7FCFDCF
:10F6D000002080BD40EAE0707047000043F64850CB
:10F6E000C2F200000068704780B543F64850C2F28D
:10F6F0000000016801310160FFF70EFF016C013964
:10F70000016403D0BDE8804000F008B8C16B01641B
:10F71000FFF7A8FFBDE88040AFF300802DE9F0437C
:10F7200083B001AECDE90166FFF7D8FF0546F0F7DB
:10F73000C7FD43F64C57C2F200073C688046BC4206
:10F740003ED04FF6FE79C7F6FF7902E03C68BC4236
:10F7500036D06069281A484532D8D4E9001048608C
:10F7600060686460016014F80B0C246081075CBF62
:10F7700000F0FE0004F80B0C019844602060D4E90E
:10F780000210019466608847FFF7A8FF01990546BB
:10F79000B142DBD0D4E90010486060686460016069
:10F7A00014F80B1C246001F003000328CED1A4F14F
:10F7B000140001F0FE0104F80B1C00F05FF8C5E72F
:10F7C0004046F0F781FD03B0BDE8F08370B5144604
:10F7D0000E460546F0F774FD042E19D8DFE806F052
:10F7E0000306080D12002168696211E0696A0EE0E3
:10F7F000697A01F0FD0169720AE0697A41F002015B
:10F80000697205E0697AC9070CBF002101212160F6
:10F81000F0F75AFD002070BD10B50446F0F750FD1A
:10F820002246A16952F8143F5960A169A2610B6098
:10F83000617A126001F0FE016172F0F745FD204629
:10F84000FFF73EFA002010BD2DE9F04115460A46AB
:10F85000DDE906870A211C460646FFF755FA07F040
:10F86000FE007072002006F11401C6E90511C6E918
:10F870000754C6E90980BDE8F08100002DE9F04198
:10F880000446F0F71DFD264656F8141F80467268A0
:10F8900016F80B0C4A60726800F0FE0011603660CA
:10F8A000766006F80B0CFFF719FF43F64C553169EB
:10F8B000C2F200056A684FF6FE730144C7F6FF7393
:10F8C000716100BF2846954205D005686F697F1AAF
:10F8D000F8D09F42F6D843F65451C2F200010A68AC
:10F8E000036801320A60617A5E6063610660A0614C
:10F8F00041F0010060724046F0F7E6FC0020BDE8F0
:10F90000F081000010B50446407AC00704BF4FF0F4
:10F91000FF3010BDF0F7D4FC54F8141F62684A6041
:10F9200062686460116014F80B1C246001F0FE0131
:10F9300004F80B1CF0F7C8FC002010BD2DE9F04FB7
:10F9400085B09B4614468A4600EB01084FF020091B
:10F95000002948BF4FF0FF3804900EE06C2ADBF816
:10F9600000200BF1040BCFB24146CDE9006C0297A9
:10F97000FEF7E2FB0146013408462178252907D02D
:10F98000002900F05481404538BF0170411CF2E766
:10F99000621E013400212778A7F12006102E17D807
:10F9A0001023DFE806F00F1515111515151515159F
:10F9B0001513150B15150900012300BF1943013458
:10F9C0000132E8E70823F9E72023F7E70423F5E706
:10F9D000A7F13003092B11D8002600BF977806EB5A
:10F9E0008603D57807EB4303A3F13006A5F1300376
:10F9F0000A2B02F10102F1D3941C0DE02A2F09D148
:10FA00005BF8046B0134B6F1FF3FDCBF764241F096
:10FA1000100101E04FF0FF3622782E2A18D123463C
:10FA200013F8012FA2F13007092F14D8631E00220A
:10FA30009F78DD7802EB820207EB4202A5F13007E6
:10FA4000303A0A2F03F10103F2D302330AE000BF78
:10FA50004FF0FF3C09E02A2A06BF5BF8042BA31CE9
:10FA60004FF0FF3222EAE27C1C46227842F0040387
:10FA70006C2B0CBF013400222378A3F12507532FF0
:10FA800000F239800A23DFE807F0303636363636A2
:10FA90003636363636363636363636363636363606
:10FAA00036363636363636363636363636363636F6
:10FAB00036363636363636363636363636433636D9
:10FAC00036363636363636364F2A363636362A36D5
:10FAD000363636365F64363675364636364541F04C
:10FAE0000201682A7FF43AAF18E040453CBF252167
:10FAF0000170411C3FE740453CBF25210170227841
:10FB0000411C002A5CD0414538BF0A70811C32E795
:10FB100041F040011023682A7FF420AFBBF8002099
:10FB20008F0748BF12B21CE7C9064CD4022E49DB2E
:10FB30004045A6F1010638BF80F80090012E00F183
:10FB40000100F5DC00263EE00823682A7FF406AFBA
:10FB5000E4E7721CB2FA82F24FEA521241EA020161
:10FB600008BF08265BF8042BCFB2CDE9006C4146F4
:10FB70001023FCE65BF8042B37A3002A08BF1A46C3
:10FB800000232EB1D75C1FB101339E42FAD1334618
:10FB900063451F46C8BF6746BCF1000FD8BF1F466C
:10FBA000C90629D4B74226DA4045A6F1010638BF76
:10FBB00080F80090B74200F10100F5DB7E1E1BE0EB
:10FBC000013CD8E6013E40453CBFDBF80010017027
:10FBD0000BF1040B022E00F10101FFF6CCAE701CFC
:10FBE0004145A0F1010038BF81F80090022801F1E1
:10FBF0000101F5DCBFE6013E012F0146384608DB76
:10FC000041453CBF13780B700131013802F101020C
:10FC1000F6D1B742BFF6AFAE4145A6F1010638BFF7
:10FC200081F80090B74201F10101F5DBA3E6BAF1DA
:10FC3000000F049B48BF6FEA030ABAF1000F06D019
:10FC400001460022404528BFA8F101010A70C01AF0
:10FC500005B0BDE8F08F00BF284E554C4C29000080
:10FC60000020704700207047002070470020704738
:10FC70002DE9F04F81B0054640F278100C46C2F2F3
:10FC80000000303029462246FBF756FF002C00F0DA
:10FC9000AF8040F2781043F62001C2F20000C2F2B9
:10FCA00000018078497843F60876C2F200064FF0EA
:10FCB0000008009106E000BF002008F10108A045FF
:10FCC00000F0968015F808100D2901D00A2927D1D7
:10FCD0000028F1D031787B294FF0000131544DD10B
:10FCE000304645A1F0F7E4FC78B3304646A1F0F782
:10FCF000DFFC50B3017AC9B100F1090200230020F2
:10FD0000222915D03E2B13D842F2C827C2F2000791
:10FD1000F954D15C013301300029F1D109E000BF71
:10FD20007E28CAD83154013029E000BF002000E00D
:10FD3000D8B242F2C8220021C2F20002115440F2AD
:10FD40007810C2F2000001214170304631A1F0F775
:10FD5000AFFC98B1304632A1F0F7AAFC814630469C
:10FD600032A1F0F7A5FC8346304633A1F0F7A0FCA2
:10FD7000B9F1000F18BFBBF1000F07D1002040F20E
:10FD80007811C2F20001887097E700BF8246002810
:10FD9000F4D009F10B0000F04FFE51EC100B00F015
:10FDA0007DFF81460BF10B0000F046FE51EC100B7D
:10FDB00000F074FF07460AF10C0000F03DFE51EC24
:10FDC000100B00F06BFF43F62001C2F20001C1F8F6
:10FDD0009090C1F88C70009AC1F89400012ACDD897
:10FDE00043F62000C2F2000002210170C6E700BF06
:10FDF00001B0BDE8F08F00BF22636D64223A226437
:10FE00006973706C617922002274657874223A22D9
:10FE10000000000022636D64223A226E61762200A7
:10FE2000226C696E6561725F78223A00226C696E9D
:10FE30006561725F79223A0022616E67756C61724A
:10FE40005F7A223A000000002DE9F04F89B0804629
:10FE50000020B8F1006F0390C0F0A980B8F1016FE5
:10FE600000F2A58018F0030040F0A18043F60045A1
:10FE700016460C46C4F20205F5F782F8286808EB2E
:10FE8000860620F48060464528606BD944F200075E
:10FE9000C0F6000707F500400DF110090DF10C0A3E
:10FEA00007F5804B029007F540404546019011E070
:10FEB00001200690012007900220089048465146F4
:10FEC000F4F7FEFE002853D14CF25030F3F7A6FAB7
:10FED000B5424DD2286801300AD00020BD420490BE
:10FEE000E7D35D45E4D30298854209D20220E0E7DA
:10FEF00004354CF25030F3F791FAB542EAD337E0CB
:10FF00000198854202D20320D3E700BF07F5E03015
:10FF1000854201D20420CCE707F57030854201D23A
:10FF20000520C6E707F5B820854201D20620C0E7C4
:10FF300007F5F820854201D20720BAE707F51C2013
:10FF4000854201D20820B4E707F53C20854201D262
:10FF50000920AEE707F55C2085424FF00B0038BF63
:10FF60000A20A6E74CF25030F3F758FA19E000BF28
:10FF70004CF25030F3F752FA43F60045C4F2020552
:10FF800078B946450DD900BF2268022041460023BA
:10FF9000F4F766FF28B908F10408B04504F1040439
:10FFA000F2D3286840F480602860F4F74FFF09B06E
:10FFB000BDE8F08F80B542F2682041F20001C2F244
:10FFC0000000C4F2010100234FF00C0C4FF4E132A9
:10FFD00080E80E00C0E90333C0E905C3C361F7F749
:10FFE00023F908B1FEE700BF002080BDF8F7EEFA64
:10FFF0009FED298A40F240159FED28BA40F2540443
:020000040801F1
:10000000B2EE009AC2F20005B2EE08AA0FF2900812
:1000100027A72BA6C2F2000415E000BFFEF79AF94D
:1000200020460321FBF798FCFEF7A2F90420F7F71E
:10003000EBFEFEF78FF9FBF771FCFEF799F94FF431
:10004000FA70F7F7E1FEF1F757FD30EE080A20EEFF
:10005000090AB4EE4A0AF1EE10FAB0EE4A1A85ED3A
:10006000010A06DCB5EE400AF1EE10FAB0EE4B1ACA
:1000700003DAB0EE410A85ED011ABDEEC00A10EEBA
:10008000100A0C282870C9D818F800103A5C305CA7
:1000900021706270A070C1E79A9931C10000000020
:1000A0000000000000406070787C7E7F7F000000D0
:1000B0000000000203030303030303030300000023
:1000C00004060707070707070707070707000000D9
:1000D00080B5FEF779FF002080BD00002DE9F04FCC
:1000E000DDE9127EDDF850A0099D002F08BFBEF1AA
:1000F000000F0FD00A9EAB4605F00F0506F00F0665
:1001000002F00F0444EA06362D0446EA011645EAD9
:10011000035C03E0AB464FF0000C0026DDF8548092
:100120000E9DDDF83090BAF1000F08BFB8F1000F56
:1001300012D00B9F02F00F0207F00F0754460BF08E
:100140000F0A4AEA0737120447EA031342EA015149
:10015000A246194401E000BF00210822BEF1080FA9
:1001600005F003040D9D28BF9646B8F1080F38BF6F
:100170004246C37809F0010765F3420703F08003A4
:1001800047EA44173B44119F078146EA0C070F9E3C
:10019000C0E90371129906F0030643EAC603C0E9F9
:1001A000051A4EEA02118288C370109B817002F416
:1001B0007E41C3808180BDE8F08F000023F07F473F
:1001C00020F07F4C80EA030000F00040ACEB070316
:1001D00003F57C5303F1FF032DE9804909B44FEA8D
:1001E000144324EA03484FEA154B25EA0B4E0FF25D
:1001F000042606EB13273E7803FB0667C7F50007C6
:1002000007FB06F64FEAD64606F102064FEA5437D8
:1002100007FB066CCCF1005C4FEA1C472CEA074C4C
:100220000CFB06F507FB06F404EB15464FEA9616A1
:1002300049085FEA320234BF00204FF000404FEA25
:10024000D13706FB07FC4FEA1C4C0CFB0BF7D21B0B
:1002500003FB0CF761EB07010CFB0EF7B0EB07405B
:1002600072EB17420CFB08F734BFA2EB0742B2EB6C
:10027000074261EB17414FEA0C444FEA910706FB36
:1002800007FC4FEA1C4C0CFB0BF7B0EBC74072EBC2
:10029000573203FB0CF734BFA2EBC742B2EBC742A5
:1002A00061EB57310CFB0EF7B0EBC70072EB5772E6
:1002B0000CFB08F734BFA2EBC702B2EBC70261EB3D
:1002C00057714FEA816141EA92114FEA826242EA34
:1002D00090124FEA806004EBCC04039F4FEAD137C1
:1002E00006FB07FC4FEA1C4C0CFB0BF7D21B03FB75
:1002F0000CF761EB07010CFB0EF7B0EB074072EB5C
:1003000017420CFB08F734BFA2EB0742B2EB0742DF
:1003100061EB17414FEA8C5504EB9C244FEA91079F
:1003200006FB07FC4FEA1C4C0CFB0BF7B0EBC7407D
:1003300072EB573203FB0CF734BFA2EBC742B2EBB0
:10034000C74261EB57310CFB0EF7B0EBC70072EB05
:1003500057720CFB08F734BFA2EBC702B2EBC7021F
:1003600061EB57714FEA816141EA92114FEA826273
:1003700042EA90124FEA806015EB4C2544F10004EC
:100380004FEAD13706FB07FC4FEA1C4C0CFB0BF77E
:10039000D21B03FB0CF761EB07010CFB0EF7B0EB74
:1003A000074072EB17420CFB08F734BFA2EB074281
:1003B000B2EB074261EB17414FEA813141EA9241CA
:1003C0004FEA823242EA90424FEA80304FEA0C769E
:1003D00015EB1C1544F1000448EA03434EEA0B48B0
:1003E0004FF0000EB2EB080C71EB030724BF62461E
:1003F00039464EEB0E0E4FF0000B001852414941AA
:100400004BEB0B0BB2EB080C71EB03077BF1000B12
:1004100024BF624639464EEB0E0E4FF0000B00181B
:10042000524149414BEB0B0BB2EB080C71EB03074C
:100430007BF1000B24BF624639464EEB0E0E51EAAB
:10044000020718BF46F0010616EB0E7655F10002C2
:1004500054F1000103D5BDE88901BDE80088BDE87D
:100460008901BDE80048B619524141EB0101A3F1F1
:100470000103704780807F7E7D7C7B7A79787776F8
:1004800076757473727171706F6E6E6D6C6C6B6A71
:100490006A6968686766666564646363626161600F
:1004A000605F5F5E5E5D5D5C5C5B5B5A5A5959588C
:1004B00058575756565555555454535352525251F6
:1004C000515050504F4F4F4E4E4D4D4D4C4C4C4B4C
:1004D0004B4B4A4A4A494949484848474747474693
:1004E00046464545454444444443434343424242CF
:1004F0004241414110B546EA06464FEA164646EAF1
:1005000042564FEAD22242EA41524FEAD121A3F5A4
:100510007053A3F1010300F02FF820F0004000F029
:10052000004700F1020CBCF5006F01EB00501146D2
:1005300040EA070000D210BDBAF1000F0AD01CB586
:1005400003B44FF004004FF004014FF000000FBC63
:10055000BDE810404FF00001BBF1010FB9BF0448E6
:100560004FF0FF310348002140EA070010BD00BFF3
:10057000FFFFEF7F0000F07F9C46002B30D4770018
:100580002BD04FEA37071CB503B44FF010004FF0E3
:100590001001BAF1000F06D0BCF1000FDCBF40F033
:1005A000080040F008014FF000000FBCBDE810400B
:1005B0000BF1010BBBF1010F08BF5FEA170722BF68
:1005C00012F1010211F101014FF0004143F100036A
:1005D00000F0004043EA00007047F9D35708D0E725
:1005E00046EA06464FEA164613F1400F1FDD13F1A7
:1005F000200FDFBF16430A46002120335B42BED0E6
:10060000C3F1200746EA06464FEA164602FA07F704
:1006100046EA070622FA03F2C3F1200701FA07F7B8
:1006200042EA070221FA03F14FF00003A7E746EA86
:10063000020646EA06464FEA164646EA0106BCBFEF
:1006400046EA0646360C4FF000034FF000024FF02A
:10065000000194E72DE9804C70B49A46934691E8E6
:10066000380007C831EA400C48BF34EA430C03D5D0
:10067000FFF7A4FDFFF780FFF0BCBDE8008C2DE97B
:10068000804C70B49A46934691E8380007C831EA26
:10069000400C48BF34EA430C03D5FFF78FFDFFF74A
:1006A00029FFF0BCBDE8008C2DE9804C70B49A465F
:1006B000934691E8380007C810F0804F08BF13F048
:1006C000804F03D100F01AF8FFF756FFF0BCBDE8E9
:1006D000008C2DE9804C70B49A46934691E838001E
:1006E00007C810F0804F08BF13F0804F03D100F00F
:1006F00005F8FFF7FFFEF0BCBDE8008C20F07F4757
:1007000023F07F4C80EA030000F0004007EB0C036D
:10071000A3F57C53A3F1FE0392F0000F00F0B38029
:1007200095F0000F00F077802DE901494FEA114064
:1007300021EA00484FEA144624EA064700FB06FC7B
:1007400008FB06F607FB08F818EB06484CEB164CBE
:1007500000FB07F718EB07484CEB17404FEA124B2A
:1007600022EA0B4E4FEA154625EA06470BFB06FC2C
:100770000EFB06F607FB0EFE1EEB064E4CEB164C70
:100780000BFB07F71EEB074E4CEB174B18EB0B0858
:1007900040F1000018EB0E0B58EB000840F1000090
:1007A0008F1A4FF000014FF000063CBFC943661B93
:1007B00014BFB5EB040C00213CBFC943F61B4FEA44
:1007C000174427EA04454FEA1C472CEA074C04FB70
:1007D000076205FB07F70CFB05F616EB074642EB35
:1007E000174204FB0CFC16EB0C4642EB1C421BEBC5
:1007F000060658EB020241414EEA8E0E46EA9E067C
:1008000001D5BDE80189B619524141EB0101A3F1BF
:100810000103BDE801894FEA144524EA05464FEA81
:10082000114721EA074C05FB07F406FB07F70CFB11
:1008300006F111EB074144EB174405FB0CFC11EBEF
:100840000C4144EB1C444FEA124722EA074C05FBDB
:1008500007F206FB07F70CFB06F616EB074642EB22
:10086000174205FB0CFC16EB0C4642EB1C456A18C4
:1008700054F1000148BF7047B619524141EB0101E4
:10088000A3F10103704795F0000F37D04FEA1142F2
:1008900021EA02464FEA144724EA074C02FB07F11B
:1008A00006FB07F70CFB06F414EB074441EB17417A
:1008B00002FB0CFC14EB0C4441EB1C414FEA1547C6
:1008C00025EA074C02FB07F506FB07F70CFB06F6CB
:1008D00016EB074645EB174502FB0CFC16EB0C46E6
:1008E00045EB1C42121951F1000148BF7047B6197F
:1008F000524141EB0101A3F1010370474FEA144556
:1009000024EA05464FEA114721EA074C05FB07F1A7
:1009100006FB07F70CFB06F212EB074241EB17410F
:1009200005FB0CFC12EB0C4251EB1C414FF0000696
:1009300048BF7047921841EB0101A3F101037047D2
:1009400030B52DED048B81B0B0EE408AF0EE608AB8
:100950006A4651EC180B00F02FF900989FED329B7E
:100960007E300090002821DC53EC192B51EC180B41
:1009700000F0DAF91AD0002140F608004FF000002C
:10098000044651EC180B00F089F908EE100A40F605
:10099000080004EA00014FF00000B5EEC08AF1EE55
:1009A00010FA04BF0220F0F719F82DE00098FF2894
:1009B00030DB002108464FF0000000F4400553EC06
:1009C000192B51EC180B00F025FB8CBF00240124DF
:1009D0000220F0F703F89FED168A4DB1002C0CBFF2
:1009E0004FF400004FF48000A84218BF9FED118A19
:1009F000042108464FF00000002C01BFB1EE480A68
:100A000001B0BDEC048B30BDB0EE480A01B0BDECC6
:100A1000048B30BD51EC180B00F040F901B000EE32
:100A2000100ABDEC048B30BD000000000000000087
:100A30000000807FFFFF7F7F30B583B00446EFF773
:100A4000C8FF9FED090B05468DED000B0123002229
:100A500021466846F0F764F82846EFF7BFFF9DEDA2
:100A6000000B03B030BD00000000000000000000DB
:100A700030B540F2FF742DED048BF0EE608A18EE75
:100A8000901A85B0B0EE408A9FED2B9B05468DED08
:100A9000008B34EA115147D053EC192B51EC180B51
:100AA00000F042F940D02A4651EC180B00F02FFB21
:100AB00041EC180B18EE900A8DED008B34EA1050C3
:100AC0001CD053EC192B51EC180B00F02DF92BD145
:100AD0000220EFF783FF00F043F810EE901A18EEB3
:100AE000900A8DED020B8DED008B61F31E000390DB
:100AF0009DED020B05B0BDEC048B30BD0220EFF77D
:100B00006DFF00F01DF810EE901A18EE900A8DEDB2
:100B1000020B8DED008B61F31E0003909DED020B27
:100B200005B0BDEC048B30BD05B0B0EE480AF0EE68
:100B3000680ABDEC048B30BD00000000000000001E
:100B40009FED050B10B553EC102B51EC100B00F082
:100B500063F941EC100B10BD0000000000000070B4
:100B60009FED050B10B553EC102B51EC100B00F062
:100B700053F941EC100B10BD000000000000001004
:100B800010B5044691ED000BFFF7DAFE84ED000A84
:100B900010BD10B5044690ED000B0846FFF768FF46
:100BA00084ED000B10BD30380A2801D201207047B7
:100BB000002070470000000010B582B01446CDE957
:100BC00000010023009A2360194B21F00040984255
:100BD0002ADA024328D0B0F5801FA8BF226810DAB5
:100BE0009FED150B53EC102B9DED000B51EC100BF2
:100BF00000F012F9CDE900016FF0350221F000405C
:100C000022600F4B6FF31E5103EB20501044206005
:100C100041F0FF5040F0005001909DED000B00BFEF
:100C200002B051EC100B10BD9DED000BF8E7000079
:100C30000000F07F000000000000000000005043B2
:100C400002FCFFFF10B500290AD00878002807D061
:100C500005487844F0F700FB002801D0002010BDC3
:100C60000248784410BD00004E6500004665000053
:100C700010B500290AD00878002807D00548784424
:100C8000F0F7EAFA002801D0002010BD02487844AD
:100C900010BD00003E6500003665000021F00042F6
:100CA00001F00043A2F16052B2F5801F28BFD2F1DB
:100CB0007F6C0BD95FEA001C43EAC20242EB507022
:100CC00018BF704728BF20F001007047B2F5801FA1
:100CD000BCBF184670474FEA410C1CF5001F02D2FA
:100CE000084600F0DAB970B500F040F9000000895C
:100CF000FFF7F6BF4FF00040A0F5800070470000FE
:100D000002494FF0000000F0D0B900BF0000F87FAA
:100D1000491058BFC1F140415B1058BFC3F1404377
:100D20008B42EFF30080704751EA030C17D41CF597
:100D3000801F58BFBCF5801F00F10680994218BF84
:100D4000704708BF9042704707D711F5801F58BF02
:100D500013F5801F19D499427047894270471CF5DA
:100D6000801F08D5BCF5801FF7D58B4218BF704790
:100D700008BF824270474FF4001C1CEB410F38BF84
:100D80001CEB430F01D28B42704770B500F0EEF8B8
:100D9000922449004FF000514FF08053FFF7B8BF45
:100DA00051EA030C17D41CF5801F58BFBCF5801FF7
:100DB00000F10680994218BF704708BF9042704703
:100DC00007D711F5801F58BF13F5801F19D499421A
:100DD0007047894270471CF5801F08D5BCF5801FFD
:100DE000F7D58B4218BF704708BF824270474FF457
:100DF000001C1CEB410F38BF1CEB430F01D28B4290
:100E0000704770B500F0B2F8922449004FF00051DD
:100E10004FF08053FFF77CBF70B5DFF848C11CEA84
:100E2000111E1EBF1CEA13159EEA0C0F95EA0C0F4B
:100E300000F06F8081EA03044EEAD47EAE4421EADA
:100E40004C1123EA4C1341F4801143F48013AEF1AA
:100E50007F7EA1FB024CA0FB0365361955EB0C0508
:100E6000A1FB034C4CF10003A0FB021C16EB0C068B
:100E7000654153F10003094218BF46F0010613F41F
:100E8000007F0BD14FEA03314FEA053041EA15519B
:100E900040EA165034036FF003020AE04FEAC32120
:100EA0004FEAC52041EA555140EA5650F4026FF02E
:100EB000020202EB2E4201EB025585EACE710AD006
:100EC0005FEA440C18BF24F0004450F1000041F1E7
:100ED000000120EAD47040F2FE7C624500D270BD71
:100EE000A84214BF4FF080444FF04044002E08BF8A
:100EF0000024BEF1806FA8BFA1F1C041BDE87040E1
:100F000080F2828001F1C04101F000414FF0000009
:100F100070470CEA13159EEA0C0F18BF95EA0C0FE8
:100F200006D081EA030E4FF000000EF0004170BDC4
:100F300000F01CF88900013E00F007B800F009B885
:100F40004FEA430C5FEA5C5C08D081EA030100F0E1
:100F50005BB84FEA410C5FEA5C5CF6D102494FF0A6
:100F6000000070470000FF070000F87F0EF1020E3E
:100F70002EF0030E5EF8046B364205D4012A43EBD3
:100F8000030515F5001F12D8012841EB010C1CF5D3
:100F9000001F0CD80ED14FEAD17C0CEB4C0C0CF19D
:100FA000020C15F5001F08BF4CEBD37C04E04FF09A
:100FB000080C01E04FEAD37C0CEB4C0526FA05F651
:100FC00006F00706B6F1040C06D20EEB860CBDE85F
:100FD00070404CF0010C6047DFE80CF0090B020296
:100FE0004FF00041A1F500214FF0000070BD1946FF
:100FF0001046012851EB010418BFD4F5001484BF3A
:10100000002001F0004170BD0808A0F500114FEA72
:101010003101704753EA010C17D41CF5801F58BFEB
:10102000BCF5801F00F106808B4218BF704708BFD7
:101030008242704707D713F5801F58BF11F5801FF4
:1010400019D48B4270479B4270471CF5801F08D50E
:10105000BCF5801FF7D5994218BF704708BF904272
:1010600070474FF4001C1CEB430F38BF1CEB410FC3
:1010700001D2994270470FB40CBC03BCFFF7C1BE4C
:10108000F1EE100A4FF6FF71C0F2C03120EA010004
:1010900040F04070E1EE100A7047FF2141EAD05065
:1010A000C00570474FF0000070470CF00F03092B8C
:1010B00008BF082000F05F800A2B0BD0082B18BF58
:1010C000704708BF1CF0400F0AD04FF000004FF0EF
:1010D000000170471CF0400F18BF4FF000407047F0
:1010E0001CF0100F08D000F07F4220F0704342EA5D
:1010F000D3014FEA4370704700F0604021F07F4217
:1011000042EA000201F07F4040EA727070474FF0FF
:10111000FF0C4CF4E06C1CEA11531CBF9CEA030C5E
:101120009445C2BFDA4201EB02517047002B0DD04B
:10113000BCF1000F0FD001F00041002AA4BF41F024
:10114000E04141F07F614FF00000704701F0004145
:101150004FF00000704750EA01334FF09B0C18BF6E
:101160004CF0806C7FF4CCAD7047EFF7E7BEF0F742
:1011700061B9F0F7EFBA1CF4801F11D01CF4E02F16
:1011800003D06FEACC31490070474FF04050EFF385
:10119000008222F0704242EA000282F30088704727
:1011A0004FF000007047000002400000000000A067
:1011B0000000000005400000000000C80000000022
:1011C0000C4000000000409C00000000194000009E
:1011D0000020BCBE0000000034400000BFC91B8ED0
:1011E00000000004B5400000504BCFD06607E2CFAE
:1011F000010000006C4100003E8251AADFEEA734DE
:1012000001000000D9420000DCB5A0E23A301F978F
:10121000FFFFFFFFB4450000FD25A0C8E9A3C14FB3
:10122000FFFFFFFFFF3F0000000000800000000004
:10123000FF3F00000000008000000000181E00209A
:10124000301E0020481E0020601E0020000000000C
:101250000000000001020304060708090000000066
:1012600001020304D1270008912E00084D2A00082E
:10127000652C0008AD300008DD320008052D00089F
:101280003D270008000001000200010003000100EA
:10129000020001000400010002000100030001003F
:1012A000020001000500010002000100030001002E
:1012B000020001000400010002000100030001001F
:1012C000020001000600010002000100030001000D
:1012D00002000100040001000200010003000100FF
:1012E00002000100050001000200010003000100EE
:1012F00002000100040001000200010003000100DF
:1013000002000100070001000200010003000100CB
:1013100002000100040001000200010003000100BE
:1013200002000100050001000200010003000100AD
:10133000020001000400010002000100030001009E
:10134000020001000600010002000100030001008C
:10135000020001000400010002000100030001007E
:10136000020001000500010002000100030001006D
:10137000020001000400010002000100030001005E
:10138000020001000000000000000000000000005A
:1013900000002020202020200020000000285050A5
:1013A000000000000000000000002828FC2850FC7D
:1013B00050500000002078A8A0603028A8F020003D
:1013C000000048A8B05028345448000000002050C5
:1013D0005078A8A8906C00000040408000000000F9
:1013E0000000000000040810101010101008040085
:1013F00000402010101010101020400000000020AD
:10140000A87070A8200000000000202020F82020F4
:1014100020000000000000000000000000404080AC
:101420000000000000F800000000000000000000C4
:1014300000000000004000000008101010202040B4
:10144000404080000000708888888888887000008C
:101450000000206020202020207000000000708804
:101460008810204080F800000000708808300808CC
:101470008870000000001030505090781018000064
:101480000000F88080F0080888700000000070906C
:1014900080F08888887000000000F89010202020DC
:1014A0002020000000007088887088888870000004
:1014B00000007088888878084870000000000000EC
:1014C00020000000002000000000000000200000BC
:1014D0000020200000040810204020100804000014
:1014E00000000000F80000F800000000004020109C
:1014F0000804081020400000000070888810202098
:10150000002000000000708898A8A8B8807800002B
:10151000000020203050507848CC00000000F048F7
:101520004870484848F0000000007888808080803B
:10153000887000000000F0484848484848F0000023
:101540000000F8485070504048F800000000F8488B
:101550005070504040E000000000384880809C8877
:10156000483000000000CC484878484848CC00008B
:101570000000F8202020202020F8000000007C102F
:10158000101010101090E0000000EC485060505017
:1015900048EC00000000E0404040404044FC0000B7
:1015A0000000D8D8D8D8A8A8A8A800000000DC4817
:1015B0006868585848E80000000070888888888863
:1015C000887000000000F0484870404040E0000093
:1015D00000007088888888E8987018000000F0483B
:1015E0004870504848EC000000007888806010087F
:1015F00088F000000000F8A82020202020700000C3
:101600000000CC4848484848483000000000CC481A
:1016100048505030202000000000A8A8A87050506A
:10162000505000000000D8505020205050D80000EA
:101630000000D85050202020207000000000F890BA
:101640001020204048F800000038202020202020D2
:1016500020203800004040402020101010080000DA
:1016600000701010101010101010700000205000AA
:10167000000000000000000000000000000000006A
:10168000000000FC0020000000000000000000003E
:101690000000000000304838483C00000000C04016
:1016A0004070484848700000000000000038484082
:1016B000403800000000180808384848483C00003E
:1016C00000000000003048784038000000001C2076
:1016D000207820202078000000000000003C4830E6
:1016E000407844380000C0404070484848EC000052
:1016F000000020000060202020700000000010008A
:1017000000301010101010E00000C040405C50701D
:1017100048EC00000000E0202020202020F80000FD
:101720000000000000F0A8A8A8A800000000000029
:1017300000F0484848EC0000000000000030484835
:10174000483000000000000000F04848487040E0C9
:1017500000000000003848484838081C000000001D
:1017600000D8604040E000000000000000784030F9
:1017700008780000000000202070202020180000C1
:101780000000000000D84848483C0000000000006D
:1017900000EC4850302000000000000000A8A870B5
:1017A000505000000000000000D8502050D8000029
:1017B0000000000000EC4850302020C00000000075
:1017C0000078102020780000001810101020101051
:1017D0001010180010101010101010101010101011
:1017E00000602020201020202020600040A418004D
:1017F00000000000000000000000000000000000E9
:1018000000000000000000000000000000000000D8
:1018100000000000000000000000000000000000C8
:1018200000000000000000000000000000000000B8
:101830000600060006000600060006000600060078
:10184000060006000000000006000600060000007A
:101850000000000000000000000000000000000088
:1018600019801980198019801980198000000000E2
:101870000000000000000000000000000000000068
:101880000000000000000000000000000000000058
:10189000066004400CC00CC07FF07FF00880198007
:1018A0001980FFE0FFE03300330022002200000037
:1018B0000000000000000000000000000000020026
:1018C00002000F801FC03A40320032003A001F0071
:1018D00007C002E00260026022E03FC01F800200F9
:1018E00002000200000000000000000000000000F4
:1018F00078004800CC00CC00CC00484079C00E00F5
:1019000073C00240066006600660024003C000002B
:1019100000000000000000000000000000000000C7
:101920000F801F801800180018000C001E003630B1
:10193000633063B061A060E030C03F600E700000B3
:101940000000000000000000000000000000000097
:101950000600060006000600060006000000000063
:101960000000000000000000000000000000000077
:101970000000000000000000000000000000010066
:10198000020002000600060004000C000C000C001F
:101990000C000C000C000C00040006000600020005
:1019A000020001000000000000000000000008002C
:1019B0000400040006000600020003000300030008
:1019C00003000300030003000200060006000400F9
:1019D00004000800000000000000000000000000FB
:1019E00004000400444035800E000E003580444061
:1019F00004000400000000000000000000000000DF
:101A000000000000000000000000000000000000D6
:101A100000000000060006000600060006007FE049
:101A20007FE0060006000600060006000000000039
:101A300000000000000000000000000000000000A6
:101A40000000000000000000000000000000000096
:101A5000000000000000000006000600060006006E
:101A60000C000C000000000000000000000000005E
:101A70000000000000000000000000000000000066
:101A80001F001F0000000000000000000000000018
:101A90000000000000000000000000000000000046
:101AA0000000000000000000000000000000000036
:101AB0000000000000000000060006000600000014
:101AC0000000000000000000000000000000000016
:101AD000006000C000C00180018003000300060018
:101AE000060006000C000C00180018003000300042
:101AF0006000000000000000000000000000000086
:101B00001E003F80318071C060C060C066C066C08A
:101B100060C060C060C071C031803F800E000000B6
:101B200000000000000000000000000000000000B5
:101B300007001F001B000300030003000300030055
:101B4000030003000300030003001FE01FE0000088
:101B50000000000000000000000000000000000085
:101B60003F007F8041C000C000C000C001C00180B4
:101B7000030006000C00180030007FC07FC000008A
:101B80000000000000000000000000000000000055
:101B90003F007F8041C000C000C001C00F800F80A7
:101BA000018000C000C000C041C07F803F00000035
:101BB0000000000000000000000000000000000025
:101BC00003800380078005800D80098019803180A3
:101BD000318061807FE07FE0018001800180000032
:101BE00000000000000000000000000000000000F5
:101BF0003F803F803000300030003F003F8021C0F8
:101C000000C000C000C000C041807F803E000000D6
:101C100000000000000000000000000000000000C4
:101C20000F001F8038803000700060006F007F80E0
:101C300071C060C060C060C031C03F801F00000044
:101C40000000000000000000000000000000000094
:101C50007FC07FC00180018001800300030003007A
:101C60000600060006000C000C000C001800000026
:101C70000000000000000000000000000000000064
:101C80001F003F8071C060C060C031801F003F8076
:101C9000318060C060C060C071C03F801F00000024
:101CA0000000000000000000000000000000000034
:101CB0001F003F80718060C060C060C071C03FC0C5
:101CC0001EC000C000C0018023803F001E00000035
:101CD0000000000000000000000000000000000004
:101CE00000000000000000000600060006000000E2
:101CF00000000000000000000600060006000000D2
:101D000000000000000000000000000000000000D3
:101D100000000000000000000600060006000000B1
:101D2000000000000000000006000600060006009B
:101D30000C000C000000000000000000000000008B
:101D4000000000000000002001E007801E0070007D
:101D500070001E00078001E000200000000000006D
:101D60000000000000000000000000000000000073
:101D70000000000000000000000000007FE07FE0A5
:101D8000000000007FE07FE0000000000000000095
:101D90000000000000000000000000000000000043
:101DA000000000000000400078001E00078000E0F6
:101DB00000E007801E0078004000000000000000E6
:101DC0000000000000000000000000000000000013
:101DD0000F801FC01060006000E001C0038006009B
:101DE00006000600000000000600060006000000D5
:101DF00000000000000000000000000000000000E3
:101E00000000078018C03060306023E062606660C8
:101E10006660666066606660626033E0300018008D
:101E20001C0007800000000000000000000000000F
:101E3000060006000F000F000F001F801980198098
:101E400019803FC03FC030C030C06060606000009B
:101E50000000000000000000000000000000000082
:101E60007F007F8061C060C060C061C07F807F8074
:101E700060C060606060606060E07FC07F80000084
:101E80000000000000000000000000000000000052
:101E900007C01FE038203000600060006000600074
:101EA000600060006000300038201FE007C00000C4
:101EB0000000000000000000000000000000000022
:101EC0007E007F8061C060C0606060606060606054
:101ED00060606060606060C061C07F807E00000004
:101EE00000000000000000000000000000000000F2
:101EF0007FE07FE060006000600060007FE07FE0E6
:101F0000600060006000600060007FE07FE0000033
:101F100000000000000000000000000000000000C1
:101F20007FE07FE060006000600060007FC07FC0F5
:101F30006000600060006000600060006000000001
:101F40000000000000000000000000000000000091
:101F50000F801FC03840300060006000600061E00A
:101F600061E060606060306038601FE00F800000FA
:101F70000000000000000000000000000000000061
:101F80006060606060606060606060607FE07FE013
:101F90006060606060606060606060606060000001
:101FA0000000000000000000000000000000000031
:101FB0003FC03FC0060006000600060006000600FF
:101FC000060006000600060006003FC03FC00000F5
:101FD0000000000000000000000000000000000001
:101FE0001F801F80018001800180018001800180AD
:101FF000018001800180018043807F003E0000005D
:1020000000000000000000000000000000000000D0
:10201000606060C06180630066006C007C007E00D0
:10202000760063006380618060C060E060600000F3
:1020300000000000000000000000000000000000A0
:102040006000600060006000600060006000600090
:10205000600060006000600060007FE07FE00000E2
:102060000000000000000000000000000000000070
:1020700070E070E070E079E0696069606F606660F0
:102080006660666060606060606060606060000004
:102090000000000000000000000000000000000040
:1020A00070607060786078606C606C6064606660BE
:1020B00062606360636061E061E060E060E00000D6
:1020C0000000000000000000000000000000000010
:1020D0000F003FC030C070E06060606060606060B2
:1020E00060606060606070E030C03FC00F00000062
:1020F00000000000000000000000000000000000E0
:102100007F807FC060E060606060606060E07FC092
:102110007F80600060006000600060006000000080
:1021200000000000000000000000000000000000AF
:102130000F003FC030C070E0606060606060606051
:1021400060606060606070E030C01F800F000180E0
:1021500000C000800000000000000000000000003F
:102160007F007FC060E060606060606060C07FC0D2
:102170007F8061C060C0606060606030603000007F
:10218000000000000000000000000000000000004F
:102190001F803FC070406000600070003E001F80E4
:1021A00001C000600060006040E07FC03F80000030
:1021B000000000000000000000000000000000001F
:1021C000FFF0FFF00600060006000600060006000D
:1021D00006000600060006000600060006000000D5
:1021E00000000000000000000000000000000000EF
:1021F00060606060606060606060606060606060DF
:10220000606060606060606070E03FC01F800000E0
:1022100000000000000000000000000000000000BE
:102220006060606030C030C030C030C0198019803C
:1022300019801F800F000F000F000600060000002D
:10224000000000000000000000000000000000008E
:10225000C030C030C0306060666066606F606F60C4
:102260006960696039C039C039C030C030C0000011
:10227000000000000000000000000000000000005E
:1022800070E030C039C019800F000F000600060052
:102290000F000F001B80198031C030C060E00000CB
:1022A000000000000000000000000000000000002E
:1022B000E070606030C030C019801F800F000600E1
:1022C00006000600060006000600060006000000E4
:1022D00000000000000000000000000000000000FE
:1022E0007FE07FE000C001C001800300070006001E
:1022F0000E000C001800380030007FE07FE0000086
:102300000000000000000000000000000000078046
:10231000078006000600060006000600060006000C
:10232000060006000600060006000600060006007D
:10233000078007800000000000000000000000008F
:10234000600030003000180018000C000C0006007F
:1023500006000600030003000180018000C000C0E9
:1023600000600000000000000000000000000F00FE
:102370000F00030003000300030003000300030039
:102380000300030003000300030003000300030035
:102390000F000F000000000000000000000000001F
:1023A00007000F800D8018C0306060300000000012
:1023B000000000000000000000000000000000001D
:1023C000000000000000000000000000000000000D
:1023D00000000000000000000000000000000000FD
:1023E00000000000000000000000000000000000ED
:1023F00000000000FFF0FFF00000000018000C00DB
:1024000006000300000000000000000000000000C3
:1024100000000000000000000000000000000000BC
:1024200000000000000000000000000000000000AC
:1024300000000000000000001F003F8021C000C01D
:102440001FC03FC070C060C061C07FC01CC0000022
:10245000000000000000000000000000000060001C
:1024600060006000600060006F007F80718060C06D
:1024700060C060C060C060C071807F806F0000007D
:10248000000000000000000000000000000000004C
:1024900000000000000000000F003F80308060005E
:1024A000600060006000600030803F800F0000002E
:1024B000000000000000000000000000000000C05C
:1024C00000C000C000C000C01EC03FC031C060C01E
:1024D00060C060C060C060C031C03FC01EC00000AE
:1024E00000000000000000000000000000000000EC
:1024F00000000000000000000F003F8031C060C0FD
:102500007FC07FC06000600030403FC00F8000008F
:10251000000000000000000000000000000001E0DA
:1025200003E00600060006003FE03FE0060006006C
:102530000600060006000600060006000600000071
:10254000000000000000000000000000000000008B
:1025500000000000000000001EC03FC031C060C08D
:1025600060C060C060C060C031C03FC01EC000C05D
:1025700021C03F801F00000000000000000060003C
:10258000600060006000600067007F8071C060C014
:1025900060C060C060C060C060C060C060C000005B
:1025A0000000000000000000000000000000060025
:1025B00006000000000000003E003E00060006008D
:1025C000060006000600060006007FE07FE000002F
:1025D00000000000000000000000000000000300F8
:1025E00003000000000000001F001F0003000300A4
:1025F00003000300030003000300030003000300C3
:1026000003003E003C0000000000000000006000ED
:10261000600060006000600061C0638067006E0061
:102620007C007C00760067006300618061C0000070
:102630000000000000000000000000000000FC009E
:10264000FC000C000C000C000C000C000C000C003A
:102650000C000C000C000C000E0007C003C00000B2
:10266000000000000000000000000000000000006A
:1026700000000000000000006DC07FE06660666042
:1026800066606660666066606660666066600000E0
:10269000000000000000000000000000000000003A
:1026A000000000000000000067007F8071C060C073
:1026B00060C060C060C060C060C060C060C000003A
:1026C000000000000000000000000000000000000A
:1026D00000000000000000001F003F80318060C04B
:1026E00060C060C060C060C031803F801F000000DB
:1026F00000000000000000000000000000000000DA
:1027000000000000000000006F007F80718060C04A
:1027100060C060C060C060C071807F806F0060007A
:102720006000600060000000000000000000000089
:1027300000000000000000001EC03FC031C060C0AB
:1027400060C060C060C060C031C03FC01EC000C07B
:1027500000C000C000C00000000000000000000039
:1027600000000000000000000CE00DF00F100E0053
:102770000C000C000C000C000C000C000C00000005
:102780000000000000000000000000000000000049
:1027900000000000000000001F803FC0604060009B
:1027A0007F001F8001C000C041C07F803F0000004B
:1027B0000000000000000000000000000000000019
:1027C00000000C000C000C007FC07FC00C000C004F
:1027D0000C000C000C000C000C000FC007C0000027
:1027E00000000000000000000000000000000000E9
:1027F000000000000000000060C060C060C060C059
:1028000060C060C060C060C071C03FC01CC000003C
:1028100000000000000000000000000000000000B8
:10282000000000000000000060C071C031803180F5
:102830003B801B001B001B000E000E000E00000062
:102840000000000000000000000000000000000088
:102850000000000000000000C030C0306060666012
:10286000666066603FC039C039C039C030C0000002
:102870000000000000000000000000000000000058
:10288000000000000000000071C031801B001F002C
:102890000E000E000E001F001B00318071C00000F2
:1028A0000000000000000000000000000000000028
:1028B000000000000000000060C0318031803180E5
:1028C0001B001B001F000E000E0006000C000C0079
:1028D0000C0038003800000000000000000000007C
:1028E00000000000000000007FC07FC003800300E4
:1028F00007000E001C00180030007FC07FC00000E1
:10290000000000000000000000000000000003C004
:1029100007C00600060006000600060006003C0090
:102920003C000E0006000600060006000600060039
:1029300007C003C000000000000000000000060007
:102940000600060006000600060006000600060057
:102950000600060006000600060006000600060047
:1029600006000600060006000000000000003C0013
:102970003E0006000600060006000600060003C032
:1029800003C0070006000600060006000600060059
:102990003E003C00000000000000000000000000BD
:1029A0000000000000000000000000000000000027
:1029B0000000000000000000000000000000000017
:1029C0000000000000000000000000000000000007
:1029D00000000000000000000000000000000000F7
:1029E00000000000000000000000000000000000E7
:1029F00000000000000000000000000000000000D7
:102A000000000000000000000000000000000000C6
:102A100000000000000000000000000000000000B6
:102A200000000000000000000000000000000000A6
:102A30000000000000000000000000000000000096
:102A40000000000000000000000000000000000086
:102A50000000000000000000000000000000000076
:102A60000000000000000000000000000000000066
:102A70000000000000000000000000000000000056
:102A80000000000000000000000000000000000046
:102A90000000000000000000000000000000000036
:102AA0000000000000000000000000000000000026
:102AB0000000000000000000000000000007C0004F
:102AC0000007E000000FE000000FE000000FE00052
:102AD000000FE000000FE000000FE000000FE0003A
:102AE0000007E0000007E0000007E0000007E0004A
:102AF0000007E0000007C0000007C0000007C0009A
:102B00000003C0000003C0000003C0000003C000B9
:102B10000003C0000003C0000003C0000003C000A9
:102B20000003C0000003C0000003C0000003C00099
:102B30000003C0000003C00000000000000000000F
:102B40000000000000000000000000000000000085
:102B5000000000000007E000000FE000000FF000A0
:102B6000000FF000000FF000000FE0000007E00091
:102B70000000000000000000000000000000000055
:102B80000000000000000000000000000000000045
:102B90000000000000000000000000000000000035
:102BA0000000000000000000000F83C0001F87E04D
:102BB000003F8FE0003F8FE0007F9FE0007F1FC05D
:102BC00000FE3F8000FC3F0001F87E0001F07C0029
:102BD00003E0F80003C0F0000781E0000701C00037
:102BE0000F03C0000E038000000000000000000082
:102BF00000000000000000000000000000000000D5
:102C000000000000000000000000000000000000C4
:102C100000000000000000000000000000000000B4
:102C200000000000000000000000000000000000A4
:102C30000000000000000000000000000000000094
:102C40000000000000000000000000000000000084
:102C50000000000000000000000000000000000074
:102C60000000000000000000000000000000000064
:102C70000000000000000000000000000000000054
:102C80000000000000000000000000000000000044
:102C90000000000000000000000000000000000034
:102CA0000000000000000000000000000000000024
:102CB0000000000000000000000000000000000014
:102CC00000000000007003C0007003C0007003C06B
:102CD00000F003C000F003C000F003C000F003C028
:102CE00000F003C000F003C000F003C07FFFFFFC52
:102CF0007FFFFFFC7FFFFFFC7FFFFFFC7FFFFFFCF0
:102D000000E0078000E0078001E0078001E0078025
:102D100001E0078001E0078001E0078001E0070093
:102D200001E0070001E0070001C00F0001C00F0033
:102D30007FFFFFFC7FFFFFFC7FFFFFFC7FFFFFFCAF
:102D40007FFFFFFC3FFFFFFC03C00F0003C00F002D
:102D500003C00F0003C00E0003C00E0003C00E002E
:102D600003801E0003801E0003801E0003801E00DF
:102D70000000000000000000000000000000000053
:102D80000000000000000000000000000000000043
:102D90000000000000000000000000000000000033
:102DA0000000000000000000000000000003C00060
:102DB0000003C0000003C0000003C0000003C00007
:102DC000000FFC00003FFE00007FDF8000F3CF809B
:102DD00001E3C7C003E3C7E003C3C7E007C3C7E01D
:102DE00007C3CFE007C3CFE007C3CFC007E3CFC01F
:102DF00007E3C00007F3C00003FBC00003FFC000EF
:102E000001FFC00000FFC000007FC000003FE000E5
:102E1000001FF800000FFC000003FE000003FE008E
:102E20000003FF000003FF800003DFC00003CFC0EA
:102E30000003CFE00003C7E00003C3E007C3C3E023
:102E40000FE3C3E00FE3C3E00FE3C3E00FE3C3E02E
:102E50000FC3C3E00FC3C3E00FC3C3C007C3C7C0E2
:102E600003C3CF8001F3DF0000FFFC00003FF00050
:102E70000003C0000003C0000003C0000003C00046
:102E80000003C0000003C0000003C00000000000F9
:102E90000000000000000000000000000000000032
:102EA0000000000000000000000000000000000022
:102EB0000000000000000000000000000000000012
:102EC000000000000FE001C01FF003C03E78038047
:102ED0003C780780783C0700783C0F00783C0F0076
:102EE000F83E0E00F83E1E00F83E1C00F83E3C0086
:102EF000F83E3800F83E3800F83E7800F83E7000A2
:102F0000F83EF000783CE000783DE0007C7DC000B9
:102F10003C79C0001FFBC7C00FF38FF003C79EF8BA
:102F200000073C78000F3C3C000E7C3C000E783ED5
:102F3000001E783E001CF83E003CF83E0038F83E8B
:102F40000038F83E0070F83E0070F83E00F0F83EA1
:102F500000E0783E01E0783E01C0783E01C07C3C54
:102F600003803C3C03801E7807801FF0070007E0C9
:102F70000000000000000000000000000000000051
:102F80000000000000000000000000000000000041
:102F90000000000000000000000000000000000031
:102FA0000000000000000000000000000000000021
:102FB0000000000000000000000000000000000011
:102FC00000000000007F800000FFC00001F3E0006F
:102FD00003C1E00003C1F00007C1F00007C1F00029
:102FE00007C1F00007C1F00007C1F00007C1F00001
:102FF00007C1F00007C3E00007C3E00007C3C0003B
:1030000007E7800003EF800003FE000003FC3FF0B1
:1030100003F07FF807F83FF80FF807C01EF80780A5
:103020001EFC07803CFC07807C7E07807C7E0700BE
:10303000783F0700F83F0700F81F8F00F81F8E0049
:10304000F80FCE00F807FE00F807FC00FC03FC00B8
:10305000FC01F8007C01FC077E00FE073E00FF0E2D
:103060001F81FFDE1FFFDFFC07FF0FFC03FC07F0E3
:103070000000000000000000000000000000000050
:103080000000000000000000000000000000000040
:103090000000000000000000000000000000000030
:1030A000000000000000000007E000000FF000003A
:1030B0000FF000000FF800000FF8000007F8000004
:1030C00003F8000000F8000000F0000000F000002D
:1030D00001F0000001E0000003C000000F800000CC
:1030E0001F0000001E0000000000000000000000A3
:1030F00000000000000000000000000000000000D0
:1031000000000000000000000000000000000000BF
:1031100000000000000000000000000000000000AF
:10312000000000000000000000000000000000009F
:10313000000000000000000000000000000000008F
:10314000000000000000000000000000000000007F
:10315000000000000000000000000000000000006F
:10316000000000000000000000000000000000005F
:10317000000000000000000000000000000000004F
:10318000000000000000000000000000000000003F
:10319000000000000000000000000000000000002F
:1031A00000000000000000380000007C000000F873
:1031B000000000F0000001E0000003C000000780F4
:1031C00000000F8000000F0000001F0000003E0004
:1031D00000003C0000007C00000078000000F800C7
:1031E0000000F8000001F0000001F0000001F00014
:1031F0000003E0000003E0000003E0000003E00043
:103200000007E0000007E0000007C0000007C00062
:103210000007C0000007C0000007C0000007C00092
:103220000007C0000007C0000007C0000007E00062
:103230000003E0000003E0000003E0000003E00002
:103240000001F0000001F0000001F0000000F800B3
:103250000000F8000000780000007C0000003C0046
:1032600000003E0000001E0000001F0000000F8054
:1032700000000780000003C0000001E0000001F032
:10328000000000F80000007C000000380000000092
:10329000000000000000000000000000000000002E
:1032A00000000000180000003C0000001E000000AC
:1032B0000F0000000780000003C0000003E00000D2
:1032C00001E0000000F0000000F8000000780000BD
:1032D000007C0000003E0000003E0000001F0000D7
:1032E000001F0000001F0000000F8000000F800082
:1032F000000F80000007C0000007C0000007C000EA
:103300000007C0000007C0000007E0000007E00061
:103310000007E0000007E0000007E0000007E00011
:103320000007E0000007E0000007C0000007C00041
:103330000007C0000007C0000007C000000F8000A9
:10334000000F8000000F8000001F0000001F000021
:10335000001F0000003E0000003E0000007C000056
:10336000007C000000F8000000F0000001F0000008
:1033700003E0000003C00000078000000F00000011
:103380001E0000003C0000001800000000000000CB
:10339000000000000000000000000000000000002D
:1033A000000000000000000000000000000000001D
:1033B000000000000000000000000000000000000D
:1033C00000000000000000000000000000000000FD
:1033D00000000000000000000003C0000007E00043
:1033E0000007E0000007E0000007E0000007E00041
:1033F0000007E0003E07E0F83F83C1FC3FC3C3FC89
:103400003FE3C7FC3FF3CFFC0FFBDFF003FFBFC080
:10341000007FFE00001FF8000003C000001FF8003E
:10342000007FFE0003FFBFC00FFBDFF03FF3CFF8CC
:103430003FE3C7FC3FC3C3FC3F87C1FC3E07C0FC62
:103440000007E0000007E0000007E0000007E000E0
:103450000007E0000007E0000007C00000000000D7
:10346000000000000000000000000000000000005C
:10347000000000000000000000000000000000004C
:10348000000000000000000000000000000000003C
:10349000000000000000000000000000000000002C
:1034A000000000000000000000000000000000001C
:1034B000000000000000000000000000000000000C
:1034C00000000000000000000000000000000000FC
:1034D00000000000000000000003C0000003C00066
:1034E0000003C0000003C0000003C0000003C000D0
:1034F0000003C0000003C0000003C0000003C000C0
:103500000003C0000003C0000003C0000003C000AF
:103510003FFFFFFE3FFFFFFE1FFFFFFC0003C00059
:103520000003C0000003C0000003C0000003C0008F
:103530000003C0000003C0000003C0000003C0007F
:103540000003C0000003C0000003C0000003C0006F
:103550000001C000000000000000000000000000AA
:10356000000000000000000000000000000000005B
:10357000000000000000000000000000000000004B
:10358000000000000000000000000000000000003B
:10359000000000000000000000000000000000002B
:1035A000000000000000000000000000000000001B
:1035B000000000000000000000000000000000000B
:1035C00000000000000000000000000000000000FB
:1035D00000000000000000000000000000000000EB
:1035E00000000000000000000000000000000000DB
:1035F00000000000000000000000000000000000CB
:1036000000000000000000000000000000000000BA
:1036100000000000000000000000000000000000AA
:10362000000000000000000000000000000000009A
:10363000000000000000000000000000000000008A
:10364000000000000000000000000000000000007A
:1036500007E000000FF000000FF000000FF800007E
:103660000FF8000007F8000003F8000000F8000061
:1036700000F0000000F0000001F0000001E0000098
:1036800003C000000F8000001F0000001E000000AB
:10369000000000000000000000000000000000002A
:1036A000000000000000000000000000000000001A
:1036B000000000000000000000000000000000000A
:1036C00000000000000000000000000000000000FA
:1036D00000000000000000000000000000000000EA
:1036E00000000000000000000000000000000000DA
:1036F00000000000000000000000000000000000CA
:1037000000000000000000000000000000000000B9
:103710007FFFFFFE7FFFFFFE3FFFFFFC000000007A
:103720000000000000000000000000000000000099
:103730000000000000000000000000000000000089
:103740000000000000000000000000000000000079
:103750000000000000000000000000000000000069
:103760000000000000000000000000000000000059
:103770000000000000000000000000000000000049
:103780000000000000000000000000000000000039
:103790000000000000000000000000000000000029
:1037A0000000000000000000000000000000000019
:1037B0000000000000000000000000000000000009
:1037C00000000000000000000000000000000000F9
:1037D00000000000000000000000000000000000E9
:1037E00000000000000000000000000000000000D9
:1037F00000000000000000000000000000000000C9
:1038000000000000000000000000000000000000B8
:1038100000000000000000000000000000000000A8
:103820000000000000000000000000000000000098
:103830000000000000000000000000000000000088
:103840000000000000000000000000000000000078
:1038500007E000000FF000000FF000000FF0000084
:103860000FF000000FF000000FF0000007E0000074
:103870000000000000000000000000000000000048
:103880000000000000000000000000000000000038
:103890000000000000000000000000000000000028
:1038A0000000000000000000000000000000001CFC
:1038B0000000003C0000003C0000007800000078A0
:1038C000000000F0000000F0000001E0000001E056
:1038D000000001C0000003C000000380000007805A
:1038E0000000070000000F0000000E0000001E0096
:1038F00000001C0000003C0000003C0000007800BC
:10390000000078000000F0000000F0000001E0007E
:103910000001E0000003C0000003C00000038000BD
:103920000007800000070000000F0000000E0000EC
:10393000001E0000001C0000003C000000380000D9
:10394000007800000078000000F0000000F00000A7
:1039500001E0000001E0000003C0000003C000001F
:103960000380000007800000070000000F00000037
:103970000E0000001E0000001C0000003C000000C3
:1039800038000000380000000000000000000000C7
:103990000000000000000000000000000000000027
:1039A0000000000000000000000000000000000017
:1039B0000000000000000000000000000000000007
:1039C000000FF000003FFC00007E7E0000F81F00AA
:1039D00001F00F8003F00FC003E007C007E007E02D
:1039E00007C003E00FC003F00FC003F00FC003F0E7
:1039F0001F8001F81F8001F81F8001F81F8001F867
:103A00001F8001F83F8001F83F8001F83F8001F8F6
:103A10003F8001F83F8001F83F8001F83F8001F8C6
:103A20003F8001F83F8001F83F8001F81F8001F8D6
:103A30001F8001F81F8001F81F8001F81F8001F02E
:103A40000F8003F00FC003F00FC003F007C003E0C6
:103A500007E007E003E007C003F00FC001F00F80AC
:103A600000F81F00007E7E00003FFC00000FF00009
:103A70000000000000000000000000000000000046
:103A80000000000000000000000000000000000036
:103A90000000000000000000000000000000000026
:103AA0000000000000000000000000000000000016
:103AB0000000000000000000000000000000000006
:103AC0000000E0000001E0000003E000001FE00053
:103AD00003FFE00003FFE0000007E0000007E00054
:103AE0000007E0000007E0000007E0000007E0003A
:103AF0000007E0000007E0000007E0000007E0002A
:103B00000007E0000007E0000007E0000007E00019
:103B10000007E0000007E0000007E0000007E00009
:103B20000007E0000007E0000007E0000007E000F9
:103B30000007E0000007E0000007E0000007E000E9
:103B40000007E0000007E0000007E0000007E000D9
:103B50000007E0000007E0000007E0000007E000C9
:103B60000007E000000FF80003FFFFC003FFFFC0E5
:103B70000000000000000000000000000000000045
:103B80000000000000000000000000000000000035
:103B90000000000000000000000000000000000025
:103BA0000000000000000000000000000000000015
:103BB0000000000000000000000000000000000005
:103BC000001FFC00007FFF0001F83F8003E00FC0F2
:103BD00007C007E0078007E00F8003F00F8003F0C5
:103BE0001F8003F01F8003F01FC003F01FC003F00D
:103BF0001FC003F00FC003F007C003F0000003E094
:103C0000000007E0000007E000000FC000000F8088
:103C100000001F8000003F0000003E0000007C000C
:103C20000000F8000001F0000003E0000007C00001
:103C3000000F8000001F0000003E0000007C00001C
:103C400000F8000001F0003801E0003803C0007007
:103C5000078000700F8000F00F0000F01E0003F0DE
:103C60003FFFFFF03FFFFFF03FFFFFE03FFFFFE0C0
:103C70000000000000000000000000000000000044
:103C80000000000000000000000000000000000034
:103C90000000000000000000000000000000000024
:103CA0000000000000000000000000000000000014
:103CB0000000000000000000000000000000000004
:103CC000003FF00000FFFC0001F07E0003C03F0059
:103CD00007801F800F800FC00F800FC00F8007E08C
:103CE0000FC007E00FC007E00FC007E007C007E004
:103CF000000007E0000007E0000007C000000FC060
:103D000000000F8000001F0000007E000003FC0088
:103D1000001FF000001FFC000000FF0000001F80DB
:103D200000000FC0000007E0000003E0000003F007
:103D3000000003F0000001F0000001F8000001F8AD
:103D4000078001F80FC001F81FC001F81FC003F081
:103D50001FC003F01FC003E00F8007E00F8007C003
:103D600007C01F8003F07F0001FFFE00003FF0004E
:103D70000000000000000000000000000000000043
:103D80000000000000000000000000000000000033
:103D90000000000000000000000000000000000023
:103DA0000000000000000000000000000000000013
:103DB0000000000000000000000000000000000003
:103DC00000001F0000001F0000003F0000003F0037
:103DD00000007F000000FF000000FF000001FF0066
:103DE0000003FF000003BF000007BF0000073F0003
:103DF000000F3F00001E3F00001C3F00003C3F0042
:103E000000783F0000783F0000F03F0000E03F00F6
:103E100001E03F0003C03F0003803F0007803F00F8
:103E20000F003F000F003F001E003F001C003F003E
:103E30003C003F007FFFFFFE7FFFFFFE00003F00D2
:103E400000003F0000003F0000003F0000003F0076
:103E500000003F0000003F0000003F0000003F0066
:103E600000003F0000007F80000FFFFC000FFFFC00
:103E70000000000000000000000000000000000042
:103E80000000000000000000000000000000000032
:103E90000000000000000000000000000000000022
:103EA0000000000000000000000000000000000012
:103EB0000000000000000000000000000000000002
:103EC0000000000003FFFFF003FFFFF003FFFFF01F
:103ED00003FFFFE003800000038000000380000078
:103EE00003800000038000000780000007800000BE
:103EF00007800000078000000780000007800000A6
:103F0000078FF800073FFE00077FFF8007FC3F8018
:103F100007E00FC007C007E0078007E0078003F055
:103F2000000003F0000001F0000001F8000001F8BB
:103F3000000001F8000001F8000001F8078001F816
:103F40000FC001F81FC001F01FC001F01FC003F037
:103F50001F8003F01F8003E00F8007E0078007C089
:103F600007C01F8003F83F0000FFFE00003FF8007D
:103F70000000000000000000000000000000000041
:103F80000000000000000000000000000000000031
:103F90000000000000000000000000000000000021
:103FA0000000000000000000000000000000000011
:103FB0000000000000000000000000000000000001
:103FC0000007FE00001FFF80003F0FC0007C07C0FD
:103FD00000F807E001F007E003E007E003C007E0B6
:103FE00007C003C007C000000FC000000F80000022
:103FF0000F8000001F8000001F8000001F80000055
:104000001F87FE001F9FFF801FBFFFC03FFE1FC016
:104010003FF807E03FE003F03FE003F03FC001F866
:104020003F8001F83F8001F83F8000F83F8000F8B2
:104030003F8000F81F8000F81F8000F81F8000F804
:104040001F8000F81F8000F80FC001F80FC001F8B2
:104050000FC001F007E001F003E003E003F003E02C
:1040600001F807C000FE1F80007FFE00001FF8005F
:104070000000000000000000000000000000000040
:104080000000000000000000000000000000000030
:104090000000000000000000000000000000000020
:1040A0000000000000000000000000000000000010
:1040B0000000000000000000000000000000000000
:1040C0000000000007FFFFF807FFFFF807FFFFF8F9
:1040D0000FFFFFF00FC000E00F8001E00F0001C0F4
:1040E0000E0003C00E0007801E0007801C000F009A
:1040F00000000F0000001E0000001E0000003C0039
:1041000000003C0000007800000078000000F8008B
:104110000000F0000001F0000001E0000003E000FA
:104120000003E0000003E0000007C0000007C0003B
:104130000007C000000FC000000FC000000FC0004B
:10414000000FC000001FC000001FC000001FC00003
:10415000001FC000001FC000001FC000001FC000E3
:10416000001FC000001FC000001FC000000F800023
:10417000000000000000000000000000000000003F
:10418000000000000000000000000000000000002F
:10419000000000000000000000000000000000001F
:1041A000000000000000000000000000000000000F
:1041B00000000000000000000000000000000000FF
:1041C000003FF80000FFFE0001F81F8003E00FC071
:1041D00007C003E00F8003E00F8001F01F0001F033
:1041E0001F0001F01F0001F01F0001F01F0001F08F
:1041F0001F8001F01FC001F00FC001F00FF003E0BD
:1042000007F803C003FE0F8001FF9F0000FFFE00C0
:10421000003FF800007FFC0001F7FF0003E1FF8092
:1042200007C07FC00F801FE00F800FE01F0007F066
:104230001F0003F03E0001F83E0001F83E0001F8C7
:104240003E0000F83E0000F83E0000F83E0000F896
:104250001F0001F01F0001F00F8003E00FC003E01A
:1042600007E007C001F83F8000FFFE00003FF800B4
:10427000000000000000000000000000000000003E
:10428000000000000000000000000000000000002E
:10429000000000000000000000000000000000001E
:1042A000000000000000000000000000000000000E
:1042B00000000000000000000000000000000000FE
:1042C000003FF00000FFFC0001F83F0003E01F800A
:1042D00007C00F800FC007C00F8003E01F8003E0FE
:1042E0001F0003F01F0003F03F0001F03F0001F04A
:1042F0003F0001F83F0001F83F0001F83F0001F8DE
:104300003F0001F83F0001F83F0003F81F8003F869
:104310001F8007F81F800FF80FC01FF80FE03FF84D
:1043200007F8FDF803FFF9F801FFF1F8003F83F803
:10433000000003F0000003F0000003F0000003F0B1
:10434000000007E0000007E0000007C003C007C04E
:1043500007C00F800FE00F800FE01F000FE03E004E
:1043600007E07E0007F1F80003FFF00000FFC00047
:10437000000000000000000000000000000000003D
:10438000000000000000000000000000000000002D
:10439000000000000000000000000000000000001D
:1043A000000000000000000000000000000000000D
:1043B00000000000000000000000000000000000FD
:1043C00000000000000000000000000000000000ED
:1043D00000000000000000000000000000000000DD
:1043E00000000000000000000000000000000000CD
:1043F000000000000007C000000FE000001FF000F8
:10440000001FF000001FF000000FE0000007C000D8
:10441000000000000000000000000000000000009C
:10442000000000000000000000000000000000008C
:10443000000000000000000000000000000000007C
:10444000000000000000000000000000000000006C
:10445000000000000007C000000FE000001FF00097
:10446000001FF000001FF000000FE0000007C00078
:10447000000000000000000000000000000000003C
:10448000000000000000000000000000000000002C
:10449000000000000000000000000000000000001C
:1044A000000000000000000000000000000000000C
:1044B00000000000000000000000000000000000FC
:1044C00000000000000000000000000000000000EC
:1044D00000000000000000000000000000000000DC
:1044E00000000000000000000000000000000000CC
:1044F000000000000000000000000000000FE000CD
:10450000000FE000000FE000000FE000000FE000EF
:10451000000FE000000000000000000000000000AC
:10452000000000000000000000000000000000008B
:10453000000000000000000000000000000000007B
:10454000000000000000000000000000000000006B
:104550000000000000000000000FE000000FE0007D
:10456000000FE000000FE000000FE000000FE0008F
:104570000003E0000003E0000003C0000007C000EB
:104580000007800000078000000F0000000000000E
:10459000000000000000000000000000000000001B
:1045A000000000000000000000000000000000000B
:1045B00000000000000000000000000000000000FB
:1045C00000000070000000F0000001F0000003E0B7
:1045D000000007C000000F8000001F0000003C002A
:1045E000000078000000F0000001E0000003C000BF
:1045F00000078000000F0000001E0000003C0000CB
:104600000078000000F0000001E0000003C000009E
:10461000078000000F0000000F000000078000006E
:1046200003C0000001E0000000F00000007800007E
:10463000003C0000001E0000000F0000000780008A
:104640000003C0000001E0000000F000000078005E
:1046500000003C0000001F0000000F80000007C0A9
:10466000000003E0000001F0000000F00000007016
:10467000000000000000000000000000000000003A
:10468000000000000000000000000000000000002A
:10469000000000000000000000000000000000001A
:1046A000000000000000000000000000000000000A
:1046B00000000000000000000000000000000000FA
:1046C00000000000000000000000000000000000EA
:1046D00000000000000000000000000000000000DA
:1046E00000000000000000000000000000000000CA
:1046F00000000000000000007FFFFFFE7FFFFFFEC4
:104700003FFFFFFC00000000000000000000000070
:104710000000000000000000000000000000000099
:1047200000000000000000003FFFFFFC7FFFFFFED5
:104730007FFFFFFE000000000000000000000000FE
:104740000000000000000000000000000000000069
:104750000000000000000000000000000000000059
:104760000000000000000000000000000000000049
:104770000000000000000000000000000000000039
:104780000000000000000000000000000000000029
:104790000000000000000000000000000000000019
:1047A0000000000000000000000000000000000009
:1047B00000000000000000000000000000000000F9
:1047C0000E0000000F0000000F80000007C0000076
:1047D00003E0000001F0000000F80000003C0000D1
:1047E000001E0000000F0000000780000003C00052
:1047F0000001E0000000F0000000780000003C0034
:1048000000001E0000000F0000000780000003C031
:10481000000001E0000000F0000000F0000001E0F6
:10482000000003C00000078000000F0000001E0011
:1048300000003C00000078000000F0000001E000F3
:104840000003C00000078000000F0000001E0000F1
:10485000003C000000F8000001F0000003E0000050
:1048600007C000000F8000000F0000000E000000D5
:104870000000000000000000000000000000000038
:104880000000000000000000000000000000000028
:104890000000000000000000000000000000000018
:1048A0000000000000000000000000000000000008
:1048B00000000000000000000000000000000000F8
:1048C000001FFC00007FFF0000FFFF8003E00FC01F
:1048D00003C007E0078003F00F0001F00E0001F8AD
:1048E0001E0001F81E0001F81E0001F81F8001F8EB
:1048F0001FC001F81FC001F81FC001F81FC001F858
:104900000FC003F8000007F000000FE000001FC018
:1049100000003F800000FE000001FC000001F000EC
:104920000003E0000003C0000003800000038000DB
:10493000000780000007800000078000000780005B
:1049400000078000000000000000000000000000E0
:10495000000000000007C000000FE000001FF00092
:10496000001FF000001FF000000FE0000007C00073
:104970000000000000000000000000000000000037
:104980000000000000000000000000000000000027
:104990000000000000000000000000000000000017
:1049A0000000000000000000000000000000000007
:1049B00000000000000000000000000000000000F7
:1049C000000000000007FE00001FFF80007E0FC0F7
:1049D00000F803E001F000F001E0007803C0007887
:1049E000078033BC0780FFFC0F01FFDC0F03CF9E65
:1049F0001F07879E1F0F8F9E1E0F0F9E3E1F0F9E2D
:104A00003E1E0F9E3E1E0F1E3E3E0F1E3E3C0F1EC4
:104A10003E3C1F1E3E7C1F1E3E7C1F1E3E7C1F1EFA
:104A20003E7C1E1E3E7C1E1E3E7C3E1C3E7C3E3C52
:104A30003E7C3E3C3E7C7E781E7C7E701F3CFFF0C0
:104A40001F3FFFE01F1FCFC00F8F001E0F80001CF5
:104A50000780003C07C0007803E000F801F001F097
:104A600000F807E0007FFFC0003FFF00000FFC00E0
:104A70000000000000000000000000000000000036
:104A80000000000000000000000000000000000026
:104A90000000000000000000000000000000000016
:104AA0000000000000000000000000000000000006
:104AB00000000000000000000000000000000000F6
:104AC0000003C0000007E0000007E000000FE00066
:104AD000000FE000000FF000000FF000001FF000DA
:104AE000001FF000001DF800001DF800003CF80059
:104AF000003CF8000038F8000038FC0000787C002A
:104B000000787C0000707C0000707E0000F03E00A9
:104B100000F03E0000E03E0000E03F0001E01F002A
:104B200001E01F0001C01F0001FFFF8003FFFF80A5
:104B300003C00F8003800F8003800FC007800FC069
:104B4000078007C0070007C0070007E00F0007E065
:104B50000F0007E00E0003E00E0003E01E0003F06C
:104B60001E0003F03F0003F8FFE01FFFFFE01FFF00
:104B70000000000000000000000000000000000035
:104B80000000000000000000000000000000000025
:104B90000000000000000000000000000000000015
:104BA0000000000000000000000000000000000005
:104BB00000000000000000000000000000000000F5
:104BC000000000007FFFFC007FFFFF800FC03FC0A0
:104BD0000FC00FE00FC007E00FC003F00FC003F0DD
:104BE0000FC001F00FC001F00FC001F00FC001F0C5
:104BF0000FC001F00FC001F00FC003F00FC003F0B1
:104C00000FC007E00FC00FC00FC01F800FC07F0094
:104C10000FFFFC000FFFFF000FC01FC00FC007E019
:104C20000FC003F00FC001F00FC001F80FC000F873
:104C30000FC000FC0FC000FC0FC000FC0FC000FC48
:104C40000FC000FC0FC000FC0FC000FC0FC000FC38
:104C50000FC000FC0FC001FC0FC001F80FC003F033
:104C60000FC007F00FC01FE0FFFFFF80FFFFFE0037
:104C70000000000000000000000000000000000034
:104C80000000000000000000000000000000000024
:104C90000000000000000000000000000000000014
:104CA0000000000000000000000000000000000004
:104CB00000000000000000000000000000000000F4
:104CC0000007FE30001FFFF8007E07F800F801F82B
:104CD00001F000F803E0007807E0007C07C0003C2A
:104CE0000FC0003C0F80001C1F80001C1F800008AC
:104CF0001F8000003F0000003F0000003F00000058
:104D00003F0000003F0000007F0000007F00000027
:104D10007F0000007F0000007F0000007F00000097
:104D20007F0000007F0000007F0000003F000000C7
:104D30003F0000003F0000003F0000003F00001C5B
:104D40003F80001C1F80001C1F80003C1FC00038DB
:104D50000FC0007807E0007007E000F003F001E00A
:104D600001FC07C000FFFF80007FFF00000FFC0078
:104D70000000000000000000000000000000000033
:104D80000000000000000000000000000000000023
:104D90000000000000000000000000000000000013
:104DA0000000000000000000000000000000000003
:104DB00000000000000000000000000000000000F3
:104DC000000000007FFFE0007FFFF8000FE0FE0022
:104DD0000FC03F000FC00F800FC007C00FC007E01B
:104DE0000FC003F00FC003F00FC001F80FC001F8AF
:104DF0000FC001F80FC000FC0FC000FC0FC000FC8A
:104E00000FC000FC0FC000FC0FC000FC0FC000FC76
:104E10000FC000FC0FC000FC0FC000FC0FC000FC66
:104E20000FC000FC0FC000FC0FC000FC0FC000FC56
:104E30000FC000FC0FC000FC0FC000FC0FC001F849
:104E40000FC001F80FC001F80FC001F00FC003F050
:104E50000FC003E00FC007E00FC00FC00FC01F80DE
:104E60000FC03F000FC0FE00FFFFF800FFFFE00093
:104E70000000000000000000000000000000000032
:104E80000000000000000000000000000000000022
:104E90000000000000000000000000000000000012
:104EA0000000000000000000000000000000000002
:104EB00000000000000000000000000000000000F2
:104EC000000000007FFFFFE07FFFFFF007E007F03A
:104ED00007C001F007C000F807C0007807C000381D
:104EE00007C0003C07C0001C07C0000007C000004E
:104EF00007C0000007C0070007C0070007C0070081
:104F000007C0070007C00F0007C00F0007C03F0021
:104F100007FFFF0007FFFF0007C01F0007C00F00CB
:104F200007C00F0007C0070007C0070007C0070041
:104F300007C0070007C0000007C0000007C000004E
:104F400007C0000007C0000C07C0000E07C0001C0F
:104F500007C0001C07C0003C07C0003C07C0007829
:104F600007C001F807E007F87FFFFFF07FFFFFF0C1
:104F70000000000000000000000000000000000031
:104F80000000000000000000000000000000000021
:104F90000000000000000000000000000000000011
:104FA0000000000000000000000000000000000001
:104FB00000000000000000000000000000000000F1
:104FC000000000007FFFFFF87FFFFFF807E003F815
:104FD00007C000FC07C0007C07C0003C07C0001EE3
:104FE00007C0000E07C0000E07C0000607C0000083
:104FF00007C0000007C0000007C0038007C003808F
:1050000007C0038007C0038007C0078007C00F8068
:1050100007FFFF8007FFFF8007FFFF8007C00F80AB
:1050200007C0078007C0078007C0038007C0038050
:1050300007C0038007C0030007C0000007C00000CE
:1050400007C0000007C0000007C0000007C0000044
:1050500007C0000007C0000007C0000007C0000034
:1050600007C0000007E000007FFC00007FFC00009C
:105070000000000000000000000000000000000030
:105080000000000000000000000000000000000020
:105090000000000000000000000000000000000010
:1050A0000000000000000000000000000000000000
:1050B00000000000000000000000000000000000F0
:1050C000000FF0C0003FFFC0007C1FC000F80FC001
:1050D00001F007E003E003E007C001E007C001E0E2
:1050E0000F8000E00F8000E01F0000F01F00006054
:1050F0003F0000003F0000003F0000003E000000B5
:105100007E0000007E0000007E0000007E000000A7
:105110007E0000007E0000007E0000007E00000097
:105120007E003FFE7E007FFF7E003FFE7E0003F09C
:105130007E0003F03F0003F03F0003F03F0003F068
:105140003F0003F01F8003F01F8003F00F8003F087
:105150000FC003F007C003F007E003F003E003F023
:1051600001F007F000FC1F70007FFE00001FF80038
:10517000000000000000000000000000000000002F
:10518000000000000000000000000000000000001F
:10519000000000000000000000000000000000000F
:1051A00000000000000000000000000000000000FF
:1051B00000000000000000000000000000000000EF
:1051C00000000000FFF81FFEFFF81FFE0FC003F0F5
:1051D0000F8003F00F8003F00F8003F00F8003F0C7
:1051E0000F8003F00F8003F00F8003F00F8003F0B7
:1051F0000F8003F00F8003F00F8003F00F8003F0A7
:105200000F8003F00F8003F00F8003F00F8003F096
:105210000FFFFFF00FFFFFF00FFFFFF00F8003F015
:105220000F8003F00F8003F00F8003F00F8003F076
:105230000F8003F00F8003F00F8003F00F8003F066
:105240000F8003F00F8003F00F8003F00F8003F056
:105250000F8003F00F8003F00F8003F00F8003F046
:105260000F8003F00FC003F0FFF81FFFFFF81FFFD0
:10527000000000000000000000000000000000002E
:10528000000000000000000000000000000000001E
:10529000000000000000000000000000000000000E
:1052A00000000000000000000000000000000000FE
:1052B00000000000000000000000000000000000EE
:1052C0000000000007FFFFE007FFFFE00007E0002D
:1052D0000007E0000007E0000007E0000007E00032
:1052E0000007E0000007E0000007E0000007E00022
:1052F0000007E0000007E0000007E0000007E00012
:105300000007E0000007E0000007E0000007E00001
:105310000007E0000007E0000007E0000007E000F1
:105320000007E0000007E0000007E0000007E000E1
:105330000007E0000007E0000007E0000007E000D1
:105340000007E0000007E0000007E0000007E000C1
:105350000007E0000007E0000007E0000007E000B1
:105360000007E0000007E00007FFFFE007FFFFE0A5
:10537000000000000000000000000000000000002D
:10538000000000000000000000000000000000001D
:10539000000000000000000000000000000000000D
:1053A00000000000000000000000000000000000FD
:1053B00000000000000000000000000000000000ED
:1053C00000000000007FFFFE007FFFFE00007E0067
:1053D00000007E0000007E0000007E0000007E00D5
:1053E00000007E0000007E0000007E0000007E00C5
:1053F00000007E0000007E0000007E0000007E00B5
:1054000000007E0000007E0000007E0000007E00A4
:1054100000007E0000007E0000007E0000007E0094
:1054200000007E0000007E0000007E0000007E0084
:1054300000007E0000007E0000007E0000007E0074
:1054400000007E0000007E0000007E0000007E0064
:1054500000007E0000007E0000007E0000007E0054
:1054600000007E0000007E0000007E0000007E0044
:105470001E007C003F007C003F0078003F00F800E9
:105480003F01F0003F83E0001FFFC00007FE000067
:10549000000000000000000000000000000000000C
:1054A00000000000000000000000000000000000FC
:1054B00000000000000000000000000000000000EC
:1054C000000000007FFC3FFC7FFC3FFC0FC007E0BA
:1054D0000FC007C00FC007800FC00F000FC01E0015
:1054E0000FC01C000FC03C000FC078000FC0F000C0
:1054F0000FC0E0000FC1E0000FC3C0000FC3800069
:105500000FC780000FCF80000FDF80000FDFC000CB
:105510000FFFC0000FFFE0000FFFE0000FF3F000EF
:105520000FE3F0000FC1F8000FC1F8000FC0FC003E
:105530000FC0FC000FC07E000FC07E000FC03E00F9
:105540000FC03F000FC01F000FC01F800FC01F8083
:105550000FC00FC00FC00FC00FC007E00FC007E0A3
:105560000FC003F00FC003F87FFC1FFF7FFC1FFF7D
:10557000000000000000000000000000000000002B
:10558000000000000000000000000000000000001B
:10559000000000000000000000000000000000000B
:1055A00000000000000000000000000000000000FB
:1055B00000000000000000000000000000000000EB
:1055C000000000007FFE00007FFE000007E00000FA
:1055D00007E0000007E0000007E0000007E000002F
:1055E00007E0000007E0000007E0000007E000001F
:1055F00007E0000007E0000007E0000007E000000F
:1056000007E0000007E0000007E0000007E00000FE
:1056100007E0000007E0000007E0000007E00000EE
:1056200007E0000007E0000007E0000007E00000DE
:1056300007E0000007E0000007E0000007E00000CE
:1056400007E0000007E0000C07E0000E07E0001C88
:1056500007E0001C07E0003C07E0003C07E0007C9E
:1056600007E000F807E003F87FFFFFF87FFFFFF88F
:10567000000000000000000000000000000000002A
:10568000000000000000000000000000000000001A
:10569000000000000000000000000000000000000A
:1056A00000000000000000000000000000000000FA
:1056B00000000000000000000000000000000000EA
:1056C00000000000FF8003FFFF8003FF1F8003F83E
:1056D0001F8003F81F8007F81FC007F81FC007F8D6
:1056E0001FC007F81FC00FF81FE00FF81FE00FF8EA
:1056F0001FE00FF81FE00FF81FE01FF81FF01FF862
:105700001FF01DF81DF01DF81DF03DF81DF83DF8C7
:105710001DF839F81CF839F81CF879F81CF879F8F4
:105720001CFC71F81C7C71F81C7CF1F81C7CF1F8F5
:105730001C7EE1F81C7EE1F81C3EE1F81C3FE1F81C
:105740001C3FE1F81C3FC1F81C1FC1F81C1FC1F829
:105750001C1FC1F81C1F81F81C1F81F81C0F81F849
:105760001C0F81F81C0F01F8FF8F0FFFFF870FFF41
:105770000000000000000000000000000000000029
:105780000000000000000000000000000000000019
:105790000000000000000000000000000000000009
:1057A00000000000000000000000000000000000F9
:1057B00000000000000000000000000000000000E9
:1057C00000000000FF8007FFFFC007FF0FC0007050
:1057D0000FE000700FE000700FF000700FF000702D
:1057E0000FF800700FF800700EFC00700EFC0070D7
:1057F0000E7E00700E7E00700E3F00700E3F007037
:105800000E1F80700E1F80700E0FC0700E0FC070C4
:105810000E07E0700E07E0700E03F0700E01F870D6
:105820000E01F8700E00FC700E00FC700E007E7011
:105830000E007E700E003F700E003F700E001FF0D5
:105840000E001FF00E000FF00E000FF00E0007F01C
:105850000E0007F00E0003F00E0003F00E0001F042
:105860000E0001F00E0000F0FFE000F0FFE000701D
:105870000000000000000000000000000000000028
:105880000000000000000000000000000000000018
:105890000000000000000000000000000000000008
:1058A00000000000000000000000000000000000F8
:1058B00000000000000000000000000000000000E8
:1058C000000FF800003FFE0000FC1F0001F80F80F1
:1058D00003F007C003E003E007C003E007C001F0E6
:1058E0000F8001F00F8001F81F8000F81F8000FC7E
:1058F0001F0000FC3F0000FC3F0000FC3F0000FCDC
:105900003F00007E3F00007E3F00007E3F00007EA3
:105910003F00007E3F00007E3F00007E3F00007E93
:105920003F00007E3F00007E3F00007E3F00007E83
:105930003F0000FE3F0000FC3F0000FC1F0000FC99
:105940001F8000FC1F8000F80F8001F80FC001F0DD
:1059500007C001F007C003E003E003E001F007C067
:1059600000F80F80007C1F00003FFE00000FF800D1
:105970000000000000000000000000000000000027
:105980000000000000000000000000000000000017
:105990000000000000000000000000000000000007
:1059A00000000000000000000000000000000000F7
:1059B00000000000000000000000000000000000E7
:1059C000000000007FFFFC007FFFFF8007E01FC09A
:1059D00007C007E007C001F007C001F807C000F8E2
:1059E00007C000FC07C000FC07C000FC07C000FCAB
:1059F00007C000FC07C000FC07C000FC07C000FC9B
:105A000007C000FC07C000F807C001F807C003F09A
:105A100007C007E007C01FC007FFFF8007FFFC00AB
:105A200007C0000007C0000007C0000007C000005A
:105A300007C0000007C0000007C0000007C000004A
:105A400007C0000007C0000007C0000007C000003A
:105A500007C0000007C0000007C0000007C000002A
:105A600007C0000007E000007FFC00007FFC000092
:105A70000000000000000000000000000000000026
:105A80000000000000000000000000000000000016
:105A90000000000000000000000000000000000006
:105AA00000000000000000000000000000000000F6
:105AB00000000000000000000000000000000000E6
:105AC000001FF800007FFE0000FC1F0001F00F80A7
:105AD00003E007C007E003E007C003E00FC001F0E8
:105AE0000F8001F01F8001F81F8001F81F0000F8EF
:105AF0003F0000FC3F0000FC3F0000FC3F0000FCBA
:105B00003F0000FC7F0000FE7F0000FE7F0000FEE3
:105B10007F0000FE7F0000FE7F0000FE7F0000FE91
:105B20007F0000FE7F0000FE7F0000FE3F0000FEC1
:105B30003F0000FC3F0000FC3F0600FC3F3FC0FC74
:105B40003F7FE0FC1F7FF0F81FF1F9F81FE0F9F844
:105B50000FE0F9F00FE07DF007E07FE003E07FC0A9
:105B600001F07F8000FC3F00007FFF00001FFF1C52
:105B700000001F1C00001FBC00001FF800000FF8F1
:105B800000000FF0000007E000000000000000002F
:105B90000000000000000000000000000000000005
:105BA00000000000000000000000000000000000F5
:105BB00000000000000000000000000000000000E5
:105BC000000000007FFFFC007FFFFF8007E03FC078
:105BD00007E00FE007E007F007E003F007E001F857
:105BE00007E001F807E001F807E001F807E001F835
:105BF00007E001F807E001F807E001F807E001F02D
:105C000007E003F007E003E007E007E007E01FC05C
:105C100007FFFF8007FFFE0007FFF00007E1F80025
:105C200007E0F80007E0F80007E0FC0007E07C0070
:105C300007E07E0007E07E0007E03E0007E03F004F
:105C400007E01F0007E01F8007E01F8007E00F80CC
:105C500007E00FC007E007C007E007E007E007E044
:105C600007E003E007E003F07FFC03FF7FFC01FF98
:105C70000000000000000000000000000000000024
:105C80000000000000000000000000000000000014
:105C90000000000000000000000000000000000004
:105CA00000000000000000000000000000000000F4
:105CB00000000000000000000000000000000000E4
:105CC000003FF86000FFFFE003E03FE003C00FE0AB
:105CD000078007E00F0003E01F0001E01F0001E064
:105CE0001E0000E01E0000E01E0000601E0000001C
:105CF0001F0000001F0000001F8000001FC00000E8
:105D00000FF0000007FC000003FF000001FFC000CF
:105D1000007FF000001FFC000007FF000001FF8073
:105D200000007FC000001FE000000FE0000003F053
:105D3000000001F0000001F8000000F8180000F871
:105D4000380000F83C0000F83C0000F81C0000F8A7
:105D50001E0000F01F0001F01F0001E01F8003E0A3
:105D60001FE007C00FF81F800FFFFF000C1FFC0093
:105D70000000000000000000000000000000000023
:105D80000000000000000000000000000000000013
:105D90000000000000000000000000000000000003
:105DA00000000000000000000000000000000000F3
:105DB00000000000000000000000000000000000E3
:105DC000000000001FFFFFF81FFFFFF81F07E0F8AB
:105DD0003E07E0783C07E0383C07E03C3807E01C31
:105DE0007807E01C7007E01C7007E00C0007E0007B
:105DF0000007E0000007E0000007E0000007E00007
:105E00000007E0000007E0000007E0000007E000F6
:105E10000007E0000007E0000007E0000007E000E6
:105E20000007E0000007E0000007E0000007E000D6
:105E30000007E0000007E0000007E0000007E000C6
:105E40000007E0000007E0000007E0000007E000B6
:105E50000007E0000007E0000007E0000007E000A6
:105E60000007E0000007E00000FFFE0000FFFE006A
:105E70000000000000000000000000000000000022
:105E80000000000000000000000000000000000012
:105E90000000000000000000000000000000000002
:105EA00000000000000000000000000000000000F2
:105EB00000000000000000000000000000000000E2
:105EC00000000000FFF807FEFFF807FE0FC000F01B
:105ED0000F8000F00F8000F00F8000F00F8000F0C6
:105EE0000F8000F00F8000F00F8000F00F8000F0B6
:105EF0000F8000F00F8000F00F8000F00F8000F0A6
:105F00000F8000F00F8000F00F8000F00F8000F095
:105F10000F8000F00F8000F00F8000F00F8000F085
:105F20000F8000F00F8000F00F8000F00F8000F075
:105F30000F8000F00F8000F00F8000F00F8000F065
:105F40000F8000F00F8000E00F8000E00F8000E085
:105F50000F8000E00FC000E007C001C007C003C011
:105F600003E0078001F81F0000FFFE00001FF000A3
:105F70000000000000000000000000000000000021
:105F80000000000000000000000000000000000011
:105F90000000000000000000000000000000000001
:105FA00000000000000000000000000000000000F1
:105FB00000000000000000000000000000000000E1
:105FC00000000000FFF80FFEFFF80FFE1FC001F0F9
:105FD0000FC001E00FC001E00FC001E007C001C029
:105FE00007C001C007E003C007E003C003E003806F
:105FF00003E0038003F0078003F0070001F00700CF
:1060000001F0070001F80F0001F80E0000F80E0083
:1060100000F81E0000FC1E0000FC1C0000FC1C0020
:10602000007C3C00007E3C00007E3800007E380092
:10603000003E7800003F7000003F7000003F70009D
:10604000001FF000001FE000001FE000001FE00044
:10605000000FE000000FC000000FC000000FC000E4
:106060000007800000078000000780000007800014
:106070000000000000000000000000000000000020
:106080000000000000000000000000000000000010
:106090000000000000000000000000000000000000
:1060A00000000000000000000000000000000000F0
:1060B00000000000000000000000000000000000E0
:1060C00000000000FFDFF9FFFFDFF9FF3E07E03CC3
:1060D0003E03E0383E03E0381F03E0381F03E0389A
:1060E0001F03E0781F03E0701F03F0701F03F070C0
:1060F0001F03F0700F83F0700F83F0F00F83F0E058
:106100000F87F0E00F87F8E00F87F8E00787F8E0E7
:1061100007C7F9E007CFF9C007CEF9C007CEF9C02D
:1061200007CE7DC007CE7DC003DE7FC003FE7F802B
:1061300003FC7F8003FC7F8003FC7F8003FC3F80A7
:1061400003FC3F0001F83F0001F83F0001F83F0069
:1061500001F83F0001F81F0001F01E0000F01E00D2
:1061600000F01E0000F01E0000F01E0000E01E0007
:10617000000000000000000000000000000000001F
:10618000000000000000000000000000000000000F
:1061900000000000000000000000000000000000FF
:1061A00000000000000000000000000000000000EF
:1061B00000000000000000000000000000000000DF
:1061C000000000003FFC1FFC3FFC1FFC07E003E059
:1061D00007E003C003E003C003F0038001F0078081
:1061E00001F8070000F80F0000F80E00007C1E0008
:1061F000007C1C00007E3C00003E3800003F780020
:10620000001F7000001FF000000FE000000FE00012
:106210000007C0000007E0000003E0000003F000FA
:106220000007F0000007F000000FF800000EF80073
:10623000001EFC00001C7C00003C7E0000383E007C
:1062400000783F0000703F0000F01F8000E01F80DA
:1062500001E00FC001C00FC003C007C003C007E0CA
:10626000078003E00F8003F07FF01FFE7FF01FFE2A
:10627000000000000000000000000000000000001E
:10628000000000000000000000000000000000000E
:1062900000000000000000000000000000000000FE
:1062A00000000000000000000000000000000000EE
:1062B00000000000000000000000000000000000DE
:1062C000000000007FF80FFE7FF80FFE1FC001F0F6
:1062D0000FC001E007C001E007E001C007E003C014
:1062E00003E0038003F0038003F0078001F0070060
:1062F00001F80F0000F80E0000FC0E0000FC1E006C
:10630000007C1C00007E1C00003E3800003E38006F
:10631000003F7800001F7000001FF000001FE00029
:10632000000FE000000FE0000007E0000007E000C1
:106330000007E0000007E0000007E0000007E000C1
:106340000007E0000007E0000007E0000007E000B1
:106350000007E0000007E0000007E0000007E000A1
:106360000007E0000007E00000FFFE0000FFFE0065
:10637000000000000000000000000000000000001D
:10638000000000000000000000000000000000000D
:1063900000000000000000000000000000000000FD
:1063A00000000000000000000000000000000000ED
:1063B00000000000000000000000000000000000DD
:1063C0000000000003FFFFFC07FFFFF807F801F8DB
:1063D00007E003F00F8003F00F0007E01E0007E066
:1063E0001E000FC01C000F8000001F8000001F0057
:1063F00000003F0000003E0000007E0000007C0026
:106400000000FC000000F8000001F8000001F000AE
:106410000003F0000007E0000007E000000FC000EC
:10642000000FC000001F8000001F0000003F0000A0
:10643000003E0000007E0000007C000000FC000028
:1064400000F8000001F8000001F0003C03F0003803
:1064500007E0003807E000780FC000F80FC000F038
:106460001F8003F01F0007F03FFFFFE03FFFFFE04A
:10647000000000000000000000000000000000001C
:10648000000000000000000000000000000000000C
:10649000000000000000000000C1814001C08041F8
:1064A00001C0804100C1814001C0804100C18140E4
:1064B00000C1814001C0804101C0804100C18140D4
:1064C00000C1814001C0804100C1814001C08041C4
:1064D00001C0804100C1814001C0804100C18140B4
:1064E00000C1814001C0804100C1814001C08041A4
:1064F00001C0804100C1814000C1814001C0804194
:1065000001C0804100C1814001C0804100C1814083
:1065100000C1814001C0804101C0804100C1814073
:1065200000C1814001C0804100C1814001C0804163
:1065300001C0804100C1814000C1814001C0804153
:1065400001C0804100C1814001C0804100C1814043
:1065500000C1814001C0804100C1814001C0804133
:1065600001C0804100C1814001C0804100C1814023
:1065700000C1814001C0804101C0804100C1814013
:1065800000C1814001C0804100C1814001C0804103
:1065900001C0804100C1814000C0C101C30302C2EB
:1065A000C60607C705C5C404CC0C0DCD0FCFCE0E53
:1065B0000ACACB0BC90908C8D81819D91BDBDA1AC3
:1065C0001EDEDF1FDD1D1CDC14D4D515D71716D633
:1065D000D21213D311D1D010F03031F133F3F232A3
:1065E00036F6F737F53534F43CFCFD3DFF3F3EFE13
:1065F000FA3A3BFB39F9F83828E8E929EB2B2AEA83
:10660000EE2E2FEF2DEDEC2CE42425E527E7E626F2
:1066100022E2E323E12120E0A06061A163A3A26262
:1066200066A6A767A56564A46CACAD6DAF6F6EAED2
:10663000AA6A6BAB69A9A86878B8B979BB7B7ABA42
:10664000BE7E7FBF7DBDBC7CB47475B577B7B676B2
:1066500072B2B373B17170B0509091519353529222
:1066600096565797559594549C5C5D9D5F9F9E5E92
:106670005A9A9B5B99595898884849894B8B8A4A02
:106680004E8E8F4F8D4D4C8C448485458747468672
:106690008242438341818040000610160006101696
:1066A0004D6F746F72315365745370643A004D6F5F
:1066B000746F72325365745370643A004D6F746F27
:1066C00072335365745370643A004D6F746F723453
:1066D0005365745370643A0052537064313A000049
:1066E00000000000000052537064323A00000000C5
:1066F0000000000052537064333A000000000000B4
:10670000000052537064343A0000000000000000A2
:10671000547261636B696E67313A00000000547215
:1067200061636B696E67323A000000005472616306
:106730006B696E67333A00000000547261636B69E5
:106740006E67343A00000000526F7461727920491C
:106750006E69743A000001000000000000000000B3
:106760000000000000000000000000801100000098
:106770000000000000000000000000000000000019
:1067800000803A050000000000000000000000004A
:106790000000000000000001B20C0C0033330000C8
:1067A0000000000000000000000000000005B735F8
:1067B00000000000000000000000000000000000D9
:1067C00000000001BB3200000000000000000000DB
:1067D00000000000000000000001C20100000000F5
:1067E00000000000000000000000000000000001A8
:1067F000C3150000000000000000000000000000C1
:10680000000000000001C4200000000000000000A3
:10681000000000000000000000000001C60F0000A2
:106820000000000000000000000000000000000068
:106830000001D0A4A1000000000000000000000042
:106840000000000000000001E0D0080E0909053139
:10685000334817141531340000000000000EE1D059
:10686000080E09091531334817141531340000009A
:106870000000000E210000000000000000000000E9
:10688000000000000000000000802900000000005F
:106890000000000000000000000000000000008078
:1068A00000000000000000000000000000000000E8
:1068B0000000000000FF6C6973745F6D656D006C13
:1068C000697374206D656D6F72792075736167658A
:1068D00020696E666F726D6174696F6E0068656CB9
:1068E0006C6F007361792068656C6C6F20776F72D4
:1068F0006C640076657273696F6E0073686F7720E1
:1069000052542D5468726561642076657273696FA4
:106910006E20696E666F726D6174696F6E005F5F85
:10692000636D645F76657273696F6E0073686F770D
:106930002052542D546872656164207665727369C3
:106940006F6E20696E666F726D6174696F6E006C38
:106950006973745F746872656164006C6973742034
:10696000746872656164005F5F636D645F6C697316
:10697000745F746872656164006C69737420746814
:1069800072656164006C6973745F73656D006C6936
:1069900073742073656D6170686F726520696E2015
:1069A00073797374656D005F5F636D645F6C6973A9
:1069B000745F73656D006C6973742073656D6170CD
:1069C000686F726520696E2073797374656D006CF1
:1069D0006973745F6D75746578006C697374206D8C
:1069E0007574657820696E2073797374656D005FC6
:1069F0005F636D645F6C6973745F6D757465780057
:106A00006C697374206D7574657820696E20737974
:106A10007374656D006C6973745F6D736771756510
:106A20007565006C697374206D65737361676520AB
:106A3000717565756520696E2073797374656D0075
:106A40005F5F636D645F6C6973745F6D73677175AD
:106A5000657565006C697374206D65737361676536
:106A600020717565756520696E2073797374656D25
:106A7000006C6973745F74696D6572006C6973741E
:106A80002074696D657220696E2073797374656D09
:106A9000005F5F636D645F6C6973745F74696D65DB
:106AA00072006C6973742074696D657220696E2060
:106AB00073797374656D006C697374006C697374B9
:106AC00020616C6C2073796D626F6C20696E20732D
:106AD000797374656D005F5F636D645F68656C708A
:106AE0000052542D546872656164207368656C6C43
:106AF0002068656C702E005F5F636D645F7073006B
:106B00004C697374207468726561647320696E20C7
:106B10007468652073797374656D2E005F5F636DB3
:106B2000645F667265650053686F772074686520DE
:106B30006D656D6F727920757361676520696E2070
:106B40007468652073797374656D2E001B301B317A
:106B50001B321B331B341B351B36446F75626C654F
:106B600020436C69636B204B310044415441313AFE
:106B70000054656D70657261747572653A00526596
:106B800073756C74733A005B456E636F6465724332
:106B9000616C6962726174696E675D00556C7472D4
:106BA00061736F6E6963005369676E616C00E29791
:106BB0008B00E2978F006D61696E006861726420DE
:106BC0006661756C74206F6E2068616E646C6572AE
:106BD0000D0A0D0A0068617264206661756C74208C
:106BE0006F6E207468726561643A2025730D0A0D1A
:106BF0000A0046505520616374697665210D0A00CC
:106C00006D656D206D616E616765206661756C7480
:106C10003A0A007573616765206661756C743A0A9B
:106C200000627573206661756C743A0A00534342C2
:106C30002D3E424641523A253038580A00534342CD
:106C40002D3E4D4D41523A253038580A0066616953
:106C50006C656420766563746F7220666574636822
:106C60000A006465627567206576656E740A007255
:106C700030303A203078253038780A007230313A96
:106C8000203078253038780A007230323A20307857
:106C9000253038780A007230333A20307825303881
:106CA000780A007230343A203078253038780A007B
:106CB0007073723A203078253038780A00494E5681
:106CC00050432000554E414C49474E454420004911
:106CD0004E56535441544520004441434356494F76
:106CE0004C20004941434356494F4C2000444956EB
:106CF00042595A45524F20004E4F435020004D53A9
:106D0000544B45525220004D554E53544B45525210
:106D10002000494D505245434953455252200049A5
:106D20004255534552522000554E444546494E5314
:106D3000545220005343425F434653525F424653EE
:106D4000523A30782530325820005343425F434650
:106D500053525F4D4653523A307825303258200016
:106D60005343425F434653525F554653523A30783D
:106D7000253032582000252D2A2E7320707269206C
:106D8000207374617475732020202020207370207C
:106D900020202020737461636B2073697A65206DF5
:106DA00061782075736564206C656674207469630E
:106DB0006B20206572726F720A0063757272656E65
:106DC00074207469636B3A3078253038780A002073
:106DD000696E69742020200020636C6F7365202029
:106DE000002072656164792020002D002F0020733F
:106DF000757370656E64002072756E6E696E6700E3
:106E000025730052542D546872656164207368655F
:106E10006C6C20636F6D6D616E64733A0A00252D92
:106E2000313673202D2025730A005F5F636D645F28
:106E30000008006D7368200066696E736820002585
:106E40006300A1F1000007C01FF03FF83FF87FFC8E
:106E50007FFC7FFC7FFC7FFC3FF83FF81FF007C002
:106E600000000000A1F0000007C01C7030183018AE
:106E7000600C600C600C600C600C301830181C70DA
:106E800007C000000000A1F500007FFC40044004A2
:106E900040044004400440044004400440044004D2
:106EA00040047FFC00000000A1F600007FFC7FFC96
:106EB0007FFC7FFC7FFC7FFC7FFC7FFC7FFC7FFCFA
:106EC0007FFC7FFC7FFC00000000A1F700000100B8
:106ED00001000280028004400440082008201010B5
:106EE0001010200820087FFC00000000A1F800001E
:106EF000010001000380038007C007C00FE00FE01E
:106F00001FF01FF03FF83FF87FFC00000000A1C118
:106F10000000000000001010082004400280010062
:106F20000280044008201010000000000000000053
:106F3000A1F9000043042308101008200440028037
:106F4000610C628C04400820101023084304800266
:106F50000000A1B400000004000800100020004060
:106F600000800100008000400020001000080004A4
:106F700000000000A1B5000020001000080004007F
:106F8000020001000080010002000400080010005F
:106F9000200000000000A1C40000010001000280E8
:106FA000028004400440082008201010101020081F
:106FB0002008400400000000A1C5000000004004BB
:106FC0002008200810101010082008200440044059
:106FD00002800280010001000000A1FA0000000010
:106FE00000000000008000600038FFFE00380060F4
:106FF000008000000000000000000000A1FB000075
:1070000000000000000002000C003800FFFE380005
:107010000C00020000000000000000000000A1FCC5
:10702000010001000380038007C005400920010022
:107030000100010001000100010001000100010048
:10704000A1FD01000100010001000100010001009B
:10705000010001000920054007C0038003800100F2
:10706000010000006DFC000865FC0008B5FF000889
:10707000A51A00088519000861FC00081D9F00087A
:10708000B9A800084DA500081DA70008F1A8000830
:10709000E1BB000869FC0008B6680108BF68010888
:1070A0006DD20008DD680108E368010825C3000807
:1070B000F3680108FB680108D10001081E69010896
:1070C0002C690108D10001084F6901085B690108BA
:1070D00085D70008676901087969010885D7000824
:1070E000856901088E690108E1D50008A7690108D2
:1070F000B6690108E1D50008CF690108DA6901081D
:1071000099D40008EF690108006A010899D40008C1
:10711000156A0108236A0108EDD20008406A0108D7
:10712000546A0108EDD20008716A01087C6A0108FE
:1071300045D90008916A0108A26A010845D90008EA
:10714000B76A0108BC6A0108EDD10008D66A0108D7
:10715000E16A010869DE0008F76A0108006B0108AE
:10716000A9BA00081C6B0108276B01089DBA00082A
:10717000D072010800000020B0000000EC010008FF
:1071800080730108B0000020E84400000C020008F1
:10719000000000000000F07FFFFFFFFFFFFFEF7F18
:1071A0001C00000043000000F8FFFFFF0C0000007F
:1071B0000E0000000F0000002E0000001001000073
:1071C00043000000F8FFFFFF0040404040404040C7
:1071D00040404141414141404040404040404040AA
:1071E000404040404040404040050202020202024E
:1071F000020202020202020202202020202020209D
:1072000020202002020202020202909090909090B0
:10721000101010101010101010101010101010106E
:1072200010101010020202020202888888888888E2
:1072300008080808080808080808080808080808CE
:1072400008080808020202024000000000000000D6
:10725000000000000000000000000000000000002E
:10726000000000000000000000000000000000001E
:10727000000000000000000000000000000000000E
:1072800000000000000000000000000000000000FE
:1072900000000000000000000000000000000000EE
:1072A00000000000000000000000000000000000DE
:1072B00000000000000000000000000000000000CE
:1072C00000000000000000000000000000000000BE
:1072D00001000000100000001F00FFFF0000000080
:1072E00001FF0000FFFFFFFFFFFFFFFFFFFF0000A8
:1072F000FFFFFFFFFFFFFFFFFFFFFFFFFFFFFFFF9E
:10730000FFFFFFFFFFFFFFFFFFFFFFFFFFFFFFFF8D
:10731000FFFFFFFF9A99C94100F8E0071F001F0017
:10732000E00700F87F0307000024F40001000000DC
:1073300060000020600000207800000002000000D3
:1073400070000020700000202000000003000000FA
:1073500080000020800000202400000006000000C3
:1073600090000020900000203C0000000A00000077
:10737000A0000020A00000202C0000000000000061
:040000050800018965
:00000001FF
